case_id	file_id
31202ace-6480-46db-8e0d-b4c64149e326	6f2c8788-2e21-4dc9-b969-eb71027dff62
180036a2-3b56-405e-a1fe-d5932517b6c7	3492bb67-a7c8-4246-9689-4b36ce0efb1a
207c8a26-1a2d-47d9-8db8-a25a7fd8655a	d43cedec-541c-431d-9bb7-90fcc7a133a1
2135b007-b714-495b-9b30-92010179ec33	708b454f-2118-4040-a076-c9a41e50ed26
22ae99b4-52cf-4d20-a068-7457e16919b6	a4ff09d2-4f62-403d-bed7-c8121af0e828
16779eed-f386-4e8f-8475-04d33b9dd160	f54f00e2-5151-4f3e-a74c-5e2a435d6aa3
242bdece-75dc-45b9-a9b3-3e1bc305a3e3	5efe8382-333c-4400-a24e-2dab54ec38b6
2c7f1035-5c8c-4c49-8b9b-2f1233896530	1d4ba820-5dd1-4e71-8f25-279af45fc003
2fbafcc5-896c-4e50-8956-a61540fc89be	107d898c-48d8-4e74-a67f-8b0aaea4fe4a
2c878227-77a1-4988-a46c-885db9e400f7	093a60dc-6e80-4c41-865b-4cd98384c6d5
291b069c-9dde-4e1e-8430-85146bc94338	199b6329-f615-4a35-b19e-f398532c8ccd
30eb06a5-8e88-4c46-bebb-fb93ca07f108	ce1ec969-4bdb-40a0-b9cb-0fe04498f29a
2a192049-6435-49ab-8444-ddeb2b9ee774	e5e2751b-3571-4e99-9f34-f7d6612fd1d0
2c985b30-0f8f-4c8f-a924-cc6aad7ebf0d	beec4ce7-c642-4d08-8f2d-ea3b4856f07f
31e58fac-3ac3-4eeb-82d6-3f2b5cb8a60d	08c1c957-1ef0-48c2-8131-e1e9f29f9b02
2d74e19e-9677-491f-b9ea-4874db64747a	5c1e860e-a8c2-4dfc-aceb-d1bddb365edf
3d2ff6c0-8c03-440d-8ec1-231862bd6713	2355631d-aa47-43c0-929a-a47e669c365a
3a867df4-d548-4408-a90b-441ded53b7b6	dcf751cc-ef59-4579-93a4-3c7c52c4b45a
4075717b-2240-4842-a00a-0c4dbcb910c4	01d607fe-fc0b-441f-9528-8495666cd83e
3bd2fcee-5b16-49f3-a717-f1e106bbc12f	3d948257-f335-43cb-95ea-d67eb7b170ab
408c5d54-7888-4955-8386-bf8819b48a6c	e4e6b6d0-e0d8-4477-bdcc-57daf4468e92
45c3cd39-1c5d-4e26-8afc-5bed3c230088	aea0d82e-1955-43f7-b3c9-4299a2f7a456
444e5bfc-d4e5-4b0d-b96d-88ecea8873e9	10d2df0b-08ca-4eff-9e42-b23620a214fe
4b4247e2-4446-44f5-8573-4cea8bf69f8e	355de107-b024-4be2-8da6-924ad8eac23e
4cacff9d-cc50-43a5-a227-16923ada7467	3a7dfe12-5054-4679-a560-6c8bb9230614
53b254b7-021f-43df-af9b-3fc01b87479e	2f31d626-547f-4163-a934-4550c7302dc5
5d850e54-24bb-4ae6-9e4b-09ecc7e7cfee	1f40b3db-3351-4dbc-8560-5c5b6a0e0def
545c9f09-df14-4302-b131-519d141438d1	4f0f7051-4e3d-4749-b50a-c85f7dabe7c0
5ed1b22d-99ca-4c21-b5d4-851e4a6217e9	313811fa-2c41-470b-ab48-555bc74ae3ba
54b295d4-6315-4416-bde7-a221859f965c	de34e402-4e33-4beb-8c84-34f6b0288d9e
5ed786f3-1d15-4079-bb8f-2f34ef305644	48ffbcc0-bc7b-4295-a27a-9ce3b7a17814
61d0709c-d148-413b-a7b5-c0c82ed2f32f	20fccee9-7369-485d-8d0c-4959aec2cba5
63d646e2-60aa-4bd5-b2ed-6254c9c51be4	88d9d603-1444-4774-addd-71412a3805bf
64260b33-dac0-4442-82c8-04f0c9ea8a01	24ae1f53-f311-4e0f-9183-b88137a388a9
67560840-70fb-45fd-8572-648f74811aec	b8061cff-d788-40e9-85ed-7b0dd5c666d1
677c9d22-e518-43ab-9668-a606c35a6eeb	3934d67f-58f0-432d-8c12-72346d31a753
76214b90-c323-4fdc-92f4-1180abdb1380	0f568886-7033-4eee-98b2-beaea3819bac
6f02648b-0c48-46ea-874a-407f951f0409	e0368b19-1254-4058-a216-9108a0f4d7c9
6f8b9c64-16f1-4cd0-9cd6-a3c27d311cf8	7eb3d86e-0bd6-4f3d-b4fe-c4702b46ac5e
714496c5-d221-4397-9c5a-cd2d22603e6f	86eb7606-22d5-45e7-a46c-014160f1f136
731f6967-5a01-40b7-9f88-64d980214bb2	4a71dd8d-e7d7-4444-bf25-e25bbc620d8f
7cb42865-af55-487d-b604-faace62bba51	36967820-2fb2-41f5-9fa8-b2021d09e0ad
7de19081-d5fd-468c-ad0d-f6e3e8b2ad70	577f45d0-c021-46e9-95c1-9795af717c18
90d3c240-5cb6-4601-a852-b5cdfbcd6483	616b2f3b-b80f-4935-b9ce-9e7fa0739f6d
91a712b5-a724-48d0-ba06-4f6857683463	8fc09183-9ad5-4b27-9081-772a9895da69
90a8d2cb-1f31-45f9-8575-eed3cb9a7798	6ddcb8b3-c6a3-4182-9c4a-01ed10db6f96
9205dc07-93f5-4b5e-924e-8e097616160f	90e2ec57-78b3-4aa3-9613-2be94e2bf716
9205dc07-93f5-4b5e-924e-8e097616160f	c5cee1b1-52af-4448-9ce3-443eee654433
9413432e-24fe-428a-b464-1a5bcdbf5f74	4bd409db-831d-4892-aa7f-e5e5bbd5bfae
96163e94-4a14-4907-a57a-cfab4caf19a4	ae8d7f0a-9810-4321-a53d-ecbcff6a0cf5
a40f1055-3dc4-4d01-930c-92cf314f73f8	1ba64243-b3c1-4b6b-9899-64944a3da9ab
a4e90f64-d11a-4278-a79e-d64c936e8e86	5312ceac-498e-497a-8000-6083e2214917
a2d42990-747c-4618-88dd-e2dece8e566f	fe7ba23d-4829-4d00-a20f-2390c2bb22f6
abbcc1d8-ab74-4459-bf28-cc627bef440e	0d725edc-1e72-4b71-8bfa-9d844f6447a5
acd98e20-d2da-4256-99a5-13e261bc88e6	d10f39f7-70e3-442d-bac2-0d8900f03dee
a6622196-897f-469e-a21d-c4a12ed39908	650cd049-8ee7-4191-be99-e8c6740cbf80
b47fb978-2dfb-4abc-a5af-6e14dd684182	92d56b65-353b-4fd9-8648-5a0013987361
d3f786a6-5d72-4d6e-85fd-0c6ade9f6e95	2a82e572-e911-4103-b01a-8a5fc8dcc8a6
c72ae014-3c05-47f9-8615-6633467bc532	649d954a-847a-4698-95c2-dbb18582d864
d5e136fd-b6fc-4400-88d3-30d10cbd9801	3cf8f0d0-caaf-493b-987f-3259db70dadd
d5eedfb5-4fa3-4a1e-ad0d-ea550b22a5ba	c013ba53-35bf-4b40-a744-21f390303dee
d89b1fd6-bef4-4803-8ed3-3b442be600b6	2da6fba1-296e-4cdf-8ffb-f9a4f7709038
d69e29ca-24be-4f35-a581-f82e624b8e8b	9826930c-b7bd-49ba-b824-1f940e207f4b
dbdeb4ca-f67c-4d89-af60-88b425ebe461	9bd7d902-9828-49a7-93c8-7223340ba3b6
d2e43b2d-2b28-441a-8f03-a43ae7dfc1ce	1a487e51-fd6e-4228-80f7-d3f864cf45f2
dbf4e04d-095e-4554-a48c-fe7cb711ac42	6fcfff7a-0e6b-47a6-bc96-6cc12d530d27
dcb27e14-14ef-42b2-b9a6-7e26c5afa869	0df563f3-af10-446d-bf7d-9c16c685aaa4
d82e6c52-9ea4-4f60-989c-cf95d464fd6f	0398eb84-be87-4906-9e22-cb94494b54f6
dff4246a-57ea-46f2-a5bc-7aa82e494137	7acd7331-19ee-4160-9bed-f23663032491
dea53b7f-3e7d-41a3-ae2d-58548fe0b595	74ad1b3f-bc69-49bd-9b7f-b4819ba155f9
e3121dde-eee2-4975-a135-bdb89434a7e2	f3e35797-d314-450d-b3cf-5b000dd1691d
e1527704-8a97-445f-a5ee-357920cb28f7	0295ea9f-3c48-400e-8004-05ca911f460d
e8f0cd72-e423-45e0-ad1e-83aa7fb354e3	a22b70b1-3c74-43d9-9786-07d254605fb0
e48c1481-e35c-49f9-9d13-a5d4085cf876	8b710010-8a49-469f-9b0f-58c79916ae37
e7174299-3ca7-4d51-9048-3ef3efde4e5c	2d667907-3666-4cb4-8629-6c20b4ef77b3
eda29281-e803-4217-8603-d6a388408611	01938448-39ff-474a-865e-b41c5207f3bb
ee3061ec-273c-4bef-a325-35e9c469bf01	4b33a2f5-280a-40d1-be86-4075ac09aaf8
ebe99910-e9f2-43dc-ad57-ac2f610b60c8	1f34ef35-95b0-4470-a17a-d7ccc0fb97e6
eeae67ac-c9e0-468d-aad6-052501f7b982	9c2a05d4-9f94-44bb-b1ee-a71f4f1c5e8f
f1099653-fd32-4459-86eb-40e0412ce2fa	0401cfb1-2922-40fb-bb2c-f5c6966dbe49
f8acc36b-1e7f-44b8-83b7-f894ad201833	50fd12e8-71e9-40e9-8752-33cc2b537000
f030e410-2585-461e-ad23-9fdf026ac06c	89472f4a-ab97-477f-8da5-92bb6b153426
f35a0655-7504-4bd6-a9f3-6f3e59fd84b1	996fc9a8-2cdd-4f23-a716-218aaa69df94
f9e82d62-fafc-45b0-97cf-d1a4a3c884a1	df9d9752-4206-49bb-bebe-996d4a4f119f
f9e82d62-fafc-45b0-97cf-d1a4a3c884a1	3a786e65-0e2d-4472-8532-551994771b06
fa9f6b24-16b4-4dda-acce-bf2e186d365d	00493cfb-cfcf-4994-b4f4-3f1ff94e21f8
f090838e-7cc0-4ba8-b3a2-faaa99743785	38f3f620-6776-4d79-ba15-f562e6f30277
f3a626e4-2d93-4d13-a34c-de0e0c6118ac	568f568a-405a-4b79-a52b-a48b712cb4fd
fc3ea52b-67ac-4876-949d-5464c436f3db	867a2368-8027-45d1-b7b2-5a6f5523640f
f6ebe511-a4df-4310-bd59-3a46d43f100b	d1ba03b4-c63c-4be6-a723-6d87749e4b61
fe844945-3ea9-449e-993c-df392fabcfd0	e0cb075a-1270-482f-a8ae-d1fdcf6ba0f0
ff38628e-8abe-44d6-8d3b-7cfe46bd2e35	7e910e81-71a8-4120-993e-746d29902026
03c3ae62-d0aa-412e-bd3c-4577fc9f919c	ac36ba69-2531-49d0-844a-ee1b20981a1a
63f6a127-e4e8-4e1c-8236-a2adb9594c8f	d9a379e4-3a0b-480f-9470-4b87cc8b8c09
78fcc813-d0a8-44aa-b004-62810dca9d12	b3631beb-6a25-46c9-a2f0-88e35eb6bc00
06060406-0540-4d5a-adeb-4cc46c01c782	78a776c3-2c61-4162-a19f-15af1100a18a
0de19185-3517-4e30-925b-7eb1f5079ec2	d7b647d8-f2bd-46b5-aa35-8b16b9eda800
657346f2-4280-4d80-983e-cab8004f184a	7862a1bf-90d3-473c-9cc6-b4e44019ad2d
0f25d7fd-fc7c-4563-a8bd-80b5e0c32ea2	a5d4f069-8642-4137-a4d0-a43d470221f2
1ae087ac-63f0-4cf9-b698-f5c13e1f4681	14456850-fe81-41f4-bcbb-eff9e48d04d7
12da9527-cf33-46c6-90cf-65478ff15cf9	e9cebd54-b6b4-4158-be31-7724c56165c4
0394060d-010e-405f-983d-db525f01f2c3	ad828d58-e410-4829-a078-6d995831ecfd
20ece2ca-8601-4cca-aec5-0a5c0b92594d	c8190f3c-3f74-4e88-add7-e82f5def2e63
10f53522-9ae7-47b9-80aa-b4b481561465	116d6aa9-7b48-493d-88b0-d620d0fb1da4
22233a31-023f-412f-9b42-73b58c51dee8	f322c423-9fdd-4a4d-b45c-aa261cb49c58
1ca54115-93a3-4c0e-abf0-915b4bbff10c	e0b6e092-202f-45a0-a8f9-1de9f04fb04e
16d52afb-a954-4cb3-b168-c1501208f691	bc3174f1-53fa-4e76-92af-4093924daa83
27392405-1365-49e6-8afe-7c18946ab06e	f6767fe8-f7a4-4993-a785-b0eaefc2f798
2bc1522c-b8c7-4f62-9338-d4b56a7ba6c6	405ee967-a2fb-401b-82d5-f029bc0b2e68
23c4e2eb-142b-4fcc-a974-9a248aec3f37	810270f3-3560-4386-a7b9-bf10fa9fc0d4
27707915-d36e-4da7-9b39-2fdd9ce0bdc5	a7f46029-9c1a-49bd-88ab-61664e345f97
28d2fd8e-abe9-4ea3-87e4-4f2b61a33c90	b3ca6741-7a52-425b-a8f3-d52abc185742
4f5bc340-bdb5-418a-b3c4-96ac85e08b34	edf5ea47-414a-4e58-be4e-942e749a4733
55838e1f-07e8-49ca-89d6-46216babc6f7	6ff62568-3f20-4552-9fd1-b8e4fc21c42c
50ee088a-5f74-466a-b9e7-7247f0a8d3e8	088f29fa-5f7b-4ae6-8a57-92bffe7d2d76
55a9e8ae-95a3-485c-8df0-78740fcd58d8	382c3d30-4a8f-4173-8b28-38795909bd34
513b1a26-8f1b-49a0-8957-de10930e6c98	2c2078a4-b77d-4cb7-ab07-bacf57cdec28
5646f226-e2ce-45ef-8aa2-4841ec6b56b0	3db95dd2-ebc8-470f-9356-ab4e83f2e49d
5d227ea8-bd74-4e8f-9bee-9d981f03d66f	9cd8121a-2c9d-4a60-9235-8f3f5702b5cc
53d9a130-4a3a-4491-85cd-9a44415a1632	7c415019-de42-47b3-b2d9-31190418e857
5ac57aee-4be1-4a29-a53f-343f5a3d2e86	7ad79b6a-5f2b-4315-ae69-25439113193f
5fce954c-11b9-41f4-9471-4b5bdc0efa7f	1f715b37-49a7-4b68-8787-10c28dc71039
62ca707c-0657-4b7c-863c-99f4ec475972	6931c961-ab7c-49a7-ba4f-d1a91de1d106
6826ece7-1834-4367-b05b-fa92a271e179	07f3248f-4c22-441e-8b7e-18a77064d984
600fc87b-a177-4bf9-9084-457f7e7e102c	cec32dbb-d343-44b8-a816-9c616d23c16a
68f612b7-33b4-4ca4-b012-439bfd598888	74e2bec2-e4f4-426a-bd87-21c5a16dcfdf
601a4146-8093-4f20-9a0a-a97916c9e7f6	657aad16-3e2f-4934-a5c8-0e5273c20469
6909302d-358a-46cd-8052-eedb09c83c83	f8eaf87f-8ab3-4d10-954e-eb4e4a4e0b82
6ea380ad-d73d-41b2-b448-2d224deec01b	832a6186-382d-497b-9ea2-5bf51590c886
795677d4-dc60-4ebd-a9df-e88713e5a4aa	1c9c9ad2-892d-4b36-82e9-51d465e9b68a
80593c77-4530-413b-bb05-adca5d43bb82	24bd3bd0-24c5-4db8-9e04-429c3c08015c
80d51546-c046-4af4-b3b3-b6bf5b1eab02	897b51e4-4451-4912-afc3-4866a618573d
832316ee-08ab-412b-9e4d-8a57ff84bc11	3b799ba8-b92c-4569-ae57-08bda7449f25
7ed006e8-461f-4664-bfff-55fa6812743c	c45e4ae1-3b59-491a-b0d3-e8560e0d42a0
837bf19d-1e02-4c3d-9e65-8999f0652020	3e1c0989-8575-4d69-88b4-623292093043
85a26115-1160-411b-8384-44eedc947fb2	2d16a5f3-bcc1-4809-9137-9170ddfd8026
8e0e456e-85ee-4de5-8f0b-72393d6acde0	c87e7072-34b2-4aab-bfb8-0fd61d926fb0
89f91e36-fed8-4da3-8a35-c761d6f65285	24cb500c-dfbe-4c83-91c1-7d665497137e
8f044599-3fbe-4b69-b67d-49aee9168545	77ba1bb5-9f5b-4db1-a911-19f07adaa0e5
8b574abc-646b-4252-8eb7-b9c737d034d9	bb7388dc-7ad7-4489-a21e-9058500f8243
8f1b904e-39a7-4870-b0f4-efa1d43e50a8	1217b52f-535e-4a57-a23c-8bc37ac86dbc
8fc1f1be-d2d5-4b3a-9973-f4d964018beb	9678c5cb-97be-4f76-a161-fece8b5982cd
8b9e81da-ea22-4f6a-bdb1-281b0ec8a451	c3afcb4c-394b-4876-aa92-00500e9bf740
8c238d30-df8e-4e6b-98fc-21696269a294	70da7725-200d-4d95-b0f2-f774c5e24673
91e30123-2265-4cf1-8389-f6462897837c	0621ca2f-3e91-4b15-8989-1bd6ec48131f
90d21b9b-dbb8-43a6-9817-67ed69fabdc0	c5cec55e-35d1-4203-9392-60aa8794534a
9a76bd98-1d2b-4d0f-9772-883520ff6210	53401597-522a-4be6-8f22-9ef858a691ae
9ae5101b-6031-4ab1-bfca-198c41af3184	4dafb507-f3cc-4f37-9c69-7ba0f3df1ee8
9f89510c-ed07-471f-b35e-7c87c237b9fe	7cd19d38-2243-4cb0-9245-a5979bc7beec
9bcf4ed8-bfb4-49aa-a37e-d91325926894	92a38dab-98c2-4396-8111-cedc12b9b598
9bcf4ed8-bfb4-49aa-a37e-d91325926894	1eacbfe2-b796-459a-9daa-3a7298235218
a1066aea-3122-4887-83d0-132ef84c06e1	bfc9aff7-93e2-4331-9722-764f599e9409
9d469689-0413-4898-aa83-c6756cbfe117	a6d8ea07-b43b-491b-8acd-09f57c4b3a3b
aa34f900-b2e4-4276-9d28-807ad11444ac	7343f7e6-bc2a-417a-b8e3-465d12ac9939
abbcc1d8-ab74-4459-bf28-cc627bef440e	5ce6d778-09e1-460e-a3ed-5b20b586d838
a563109d-0990-4bdc-8bd7-6766d1eadbdc	ccfa22c8-d440-460e-899d-98ce642effca
a40bb4bc-9ee6-4a8b-8a33-3a4ed78f69a7	47b9ed0d-d680-458b-8541-a4852262e484
a63ca97d-ef31-4118-9547-a6730967290f	524b91bd-e61c-475a-9217-3ccd76688a0d
b3bed685-e9db-436b-9938-2b8a0a0d5b83	b668d085-9a13-4d78-a973-eba35b289c64
af31bf2c-8523-4376-bfa8-e2845848d651	db556788-6349-4dc5-9b4b-985c270a17b0
a9017cd4-df30-46eb-b08f-39540b15243f	8f8747e2-5ea0-4347-a998-7f52ff5f1a83
b1b3983d-37d2-4bef-bd17-708e3e600146	6d07e0d3-5fcb-42a2-867f-34e6d59a1892
b74519ff-b338-45e9-9307-008223726dac	4d2c5caa-ba0e-49ed-8c9f-2df4c857f4dc
c1f286f6-d4a1-494a-88c8-ff8e2a3df2ce	a14a2fc7-3f99-4ba8-a6e2-41a72a0f59d4
c7df3466-b9a7-4818-883b-d0cd08483570	a1db2ad7-c914-418f-9c8b-847cda90a64f
c3b2c38d-81a3-42fd-a41e-6f6de3934007	86675e21-b06e-4496-b1d8-e30c4d1b0668
c4ad0479-8bef-4876-b423-fe83f222a60a	6911eac4-95c9-46c4-ad67-59c29bd85aa0
c512ba69-7b90-4334-92eb-48ab91aa05f2	5475ae6f-f1d4-415e-80e4-66f2ddf4231f
cb99fb14-641c-4fb3-bf1d-17efb8cd982a	46ebf756-539b-41e4-9636-e8a7ba8d9bb8
c539274c-e2bf-4b5f-ab56-35eff1569bac	a40e28c3-b3ed-4edf-bfce-71dfb740e8a6
c060bdab-dce7-46b9-801c-48dfab4fad92	465b74a3-2a01-425e-8c1f-45c8ee19f51c
dbe29e97-f111-41d3-a25f-3b9eb9bb099f	63cf0b7d-bfdb-4576-8c68-6b815da9835c
d7641ca1-a062-4dd2-9414-447af7311a84	ef041670-f4a9-4463-9a23-fb5a409d53dd
df132eb8-174b-4427-a16b-953e0f28bf2f	19993db1-8cd3-4095-80fb-5e0c7c8d14d3
df37eed0-ea63-485d-a831-28d3061852bd	4280c77b-0291-4c1f-aad0-78e3e710ba6b
de206681-3e27-4d4f-8669-aefb12b5b1e3	7cb6720b-d3dc-4655-b942-dc6588372711
de206681-3e27-4d4f-8669-aefb12b5b1e3	cae964d9-1b18-4343-acc1-ed243e566ea1
e08ff4f7-62fd-4240-9e8b-c3ad7a9b2c44	f05758de-1cfc-446e-b133-1555800bea62
e0acb3aa-4cb4-43c9-ae36-2213536666a6	29b722ad-3c3a-493a-96d2-daeb00763881
e37c83dc-c2c4-4e5f-a57b-39ffcf9aa3cf	09552102-8f10-4e2a-9710-f1585b6a7efb
e1670628-632d-4305-be07-9b9b6bea3350	b0a41da1-d309-4d5a-bd1e-59a7ecdcf64a
e37f479f-ca05-45e4-ac6d-a974bed6e7f8	4e136d13-7cef-4b44-aa07-6cd04d8a31f7
e189f082-c748-43d4-96ce-0c381e376531	5dad89d3-a15a-4dcd-9b91-77f824f343bf
e8b0a499-7e9a-4f0e-b552-8e4f284141ed	fcc92fb1-5ea5-4a09-b529-af4c06e78dc9
eaf674dd-9909-4879-b9a3-74253169eddd	5706bf95-e372-46d4-ae27-7f02ecfb43c7
eaf674dd-9909-4879-b9a3-74253169eddd	7a541f8d-3af9-4f94-9096-3c3953199f39
e7a055d9-8d68-4e6b-bade-4b2585757210	95285ee2-cc8b-4f0d-b3da-ae146c1efca2
e7d1f0dd-eec0-4670-a2ba-00ffe38c6382	b84e7ed5-b84b-4bee-b555-49bd197b9de3
e8ac39e6-377a-412c-b18d-f6c4fc654ec6	15b120ca-b99c-43f9-b836-529583c50fe9
ebfb8c1b-471f-4acb-a1fe-287e02cadba7	d3c1273c-e516-4180-8d21-86ce947ddf22
f13dfdcc-02f8-4a4c-a2fc-e6a45499bd4c	340f6bf2-e251-4e6e-beb0-0d835e292df4
ef3ce0e5-d2e8-4616-8b1a-a78c591cf235	2f940d2e-7aca-4897-8a52-2eed03d5b002
f3a592bc-40c6-4453-9008-630b073e5e8c	ec1c8dbd-035e-4e68-a22f-1e0f9563f414
f76ab158-2cf9-4df7-b6fe-727dd69a369f	efbbaf9c-6f7c-4a67-a741-d47133001cd3
f88ec55c-4c1e-4593-9c89-1981f220c0f8	bd237b46-b737-4651-9e7a-612e04632a6f
4648225e-5b68-488a-969a-e8d812190c6f	5ed98c17-8df8-48b3-a6f9-3d5c33119e26
b843df7e-db06-4d29-b00d-6a93effd9191	1e861ec0-54c1-41c0-ab31-990b60316cdb
96415324-6859-41eb-8d07-be4e6f7d9781	a70a9ffa-3c34-44e8-a5c8-987c1d75eec0
03b57fee-55c7-4873-b7ef-e29abd98863a	ae941efc-1bb6-441b-aea2-694b1aa4081a
78fcc813-d0a8-44aa-b004-62810dca9d12	cc5ead11-ada3-4db3-bb08-1a944e497c47
f4343626-f677-4fe5-862b-8fb4a16262bf	74d18812-6caa-4398-8d31-e1cde3ac75d3
0f4bb968-6e10-4a86-a03e-37b61d084f31	9039aef0-3d43-4b37-8508-6135a2616cb5
c2f1b2d5-1302-4e29-8889-37ba34e91de2	f251a0a3-2d9d-4b3e-9277-9a7bdec380cb
0625df42-740f-4e52-8f9e-0f5b7dee251b	1feab715-ee67-489f-bf47-af5079f2d875
70741b73-9683-42bd-87fc-6a021a70103b	10b096a4-78d2-4f80-9792-306cf65c54be
0f718e17-86c1-4221-a878-d57ae87e744f	b5506833-abd9-4411-b9fd-4516fbc6fafc
08a45833-16a3-4a57-a310-307ec086e558	61ecc8c9-7809-49aa-9c7a-30b269e71c22
0fb3e5ff-54f0-43c5-9322-541bb7825e7f	1ef87789-2fa0-4d28-826c-802358bdf67a
13e936ff-81f0-49b9-bc2e-2ea43921f450	b6f1ca49-344f-4408-be54-a0c35aed9ff2
1c801a6b-8407-46da-b6cc-245f05418b9e	ee3bb002-0561-4bf4-85bf-d4425036579c
1c95de68-18d9-429b-b379-878838f88a72	7e9a384d-04ae-4739-9ee4-1e97628b5a58
119ea204-792b-49ec-8fd4-eb88c4f91042	03a11c55-c144-4215-a996-391eed03cc80
15714e69-e075-4688-8f51-c7102fe4ca07	25a938ba-21c3-4053-b5e0-f1bbb2eca3df
24ecbe19-a9ea-4215-a7f1-74300f9ed2a9	c9c4cad8-754c-428d-8e21-6e6806fe54fe
23062172-7361-4e61-8ee6-b0a613d72a24	4f74695e-ef5a-49c1-a813-6d65f223d7e5
2fbafcc5-896c-4e50-8956-a61540fc89be	938c8a89-f60e-45d4-9055-6ef27f73d936
2a192049-6435-49ab-8444-ddeb2b9ee774	e18bc3e3-1cfe-4d3e-a503-60272c802bdb
31243867-8e9f-46e9-a213-b83544eb8028	3ea984a8-8d51-4994-b8c1-e6cf1f92c6fa
2a749317-0156-4213-8482-b2c2d6e52e9b	24d7be4b-6e28-466b-a6ee-a514b4d680cf
360726f4-9b50-422d-b498-5acbbc3713ae	71ebdd7f-ea9a-4b10-82ca-b0d2f6c0c7cb
37159b2b-e564-47a9-adaa-91b9571ef9de	05ca7f3b-7b27-46f7-960b-5ce2deae5c13
3203d0ae-5fe9-4ff2-be0a-1d97f7684819	c2d0bb8c-05d3-4eb9-9782-aaf4f9e91353
375e4b96-49da-4f65-9878-29f56fda9c2e	5df6ebd2-2049-436d-b845-86674a084db5
34227de4-d23c-46d6-b78b-49add24a4b88	1c360680-f479-4eec-8aa5-0c1a13b75a42
34aad752-d78f-440b-abd2-f9f939c82664	2cafd44f-2e38-40d5-937a-d122886ef8e7
3ee863da-7991-414f-82d8-2b6502d4c061	32d7d3ba-a8b4-413d-9cc7-d907daf8b407
3be2ace5-1c2a-49e9-8da9-ceed6119530b	13b83e88-3035-4c10-bc05-a6bdf2f04fd0
417b357e-c90e-4b63-ae7a-4b782038ffd3	37c03292-c234-4213-8b85-82dbf675248b
426a24aa-82c3-42a4-90df-4837871ee286	cbc059ec-9e49-418e-be11-8d713ff3b430
3ef779cf-772e-445e-93c8-e1094ea8b878	e6b99e42-89f2-4666-a76f-1c33b99d0f0e
44d99f11-ef5b-45d7-b7df-b5c5893d878f	22ba6691-d4b9-4067-9acd-17cf251d89b7
49eb77f3-f7d8-4e98-9f91-547543028877	3749fb86-5e84-49bd-b473-5ce7e91dea61
4f5bc340-bdb5-418a-b3c4-96ac85e08b34	ac1b4443-36d4-4cb0-8297-6edae4520c9d
4b50aea4-4ad1-4bf6-9cf1-984c28a99c84	8d9e6ce7-fa00-46a9-b90f-a11b907bbe33
50e25a4b-2eb2-4770-9a2d-8922a1e0ab56	7779c5b1-c3cb-4595-a0cf-8e78085091e3
5793879b-f663-4a10-9bd9-1acd2e189650	0d765c4d-33a1-41db-bfcf-2119c521dd45
5e25ab76-a8ab-4779-aa03-8de658f18da1	6c56a4fa-cab5-43c1-9933-c267bf03003d
59398d50-45cf-4812-a24e-0c00c0199971	44fafd9e-b603-48f0-86ec-2022601f139f
602f2512-00b6-44b6-9ed6-f8b010224f8c	36a551c6-a242-42fe-84d5-e1bbc40664e0
5a976335-2326-46f0-abf1-29b744da1f43	01392dce-a8df-4803-aa61-d14956d801a4
600d5316-b795-4ab2-86fc-52835059386f	a4696acf-2913-4bc7-a20a-7851025c8462
63b50e1c-7948-464f-bff1-8e0e5daafcc5	bb40fdc5-b4bc-4314-b8f0-9c98954fc5ef
63b50e1c-7948-464f-bff1-8e0e5daafcc5	a1bf61fc-7a12-4b94-9b39-d468a7df361d
6a0490ea-d9c6-41cf-bec3-3257e98cc6ed	e0ba453e-0cbf-4cf5-9cab-d889f899bb7d
757c56d0-8a49-464f-866a-ae98816de60b	8c4ffa6f-b8c1-4b56-8e2d-fca2178391d6
67f2ac9b-b9fb-4ffd-ae60-6ff1114e9290	39e5693d-d4b9-424d-83fa-c8a4bf0a02b4
78e67b26-c473-449f-95e7-c4d11f066d5b	46602657-873c-4a6b-86e3-fb0f75eee3e2
7a211ce6-3162-4f58-bf24-9b68562913d5	6e51b34e-3765-4dc7-b958-4131d0802810
829b41b1-693b-4f7f-a5c2-68c14b079aae	8092885a-cc9c-481d-a726-89ca9f112f5c
82c47f60-b863-45f9-82dc-72d89753f4b1	efba4bec-89e3-41d2-ba9f-8b4ef7be3b95
865c624a-d52d-4c53-9904-40014cb8cce7	b594be41-26d7-4416-b694-ea33bf89b9ed
86a5c819-49e9-4b06-b43d-0f0c06a935fd	f78434bc-dc0a-412b-871d-59b823b686dc
84fd72d1-f79d-493b-a341-826acd4aa942	51d9078e-4e0f-4f3e-979a-4f08695757b4
896f5dcc-d076-4e1f-ae7c-52d21109da7b	2a569ad0-faee-4431-b9f1-a7cef32d1a3d
85ae3b0f-3a54-4a23-be25-9a4deebbc011	41ead8d0-85e4-41ff-9e51-8afe1e51ea6b
8980fb06-e38d-459f-a777-52048d492def	88983362-a45a-4eb1-bdd2-e7b2705d9c88
8f044599-3fbe-4b69-b67d-49aee9168545	36697eb3-31ab-4c81-9f93-5e812fec5ffa
8b574abc-646b-4252-8eb7-b9c737d034d9	ca7103ce-8d6d-4b6f-8982-c12914fc896e
8f6c64c9-7799-436d-bff0-b166e56532a8	44699ea6-738d-4130-9938-9932dd1c7acb
8b6e939c-c4b0-4d1e-a92c-ea998bc5d36a	83472b2d-14e1-4c12-b526-26e4882b6812
9180e195-dae9-4af9-90cf-71778bc9aefc	84d1f1cb-ff06-4cc7-9866-67d738bac419
9023c9bf-02a0-4396-8161-304089957b62	f5f6cba5-feca-4a5f-93a6-78f95fcb7ff8
8c238d30-df8e-4e6b-98fc-21696269a294	5dbdee96-ea4e-4a0c-8ebe-55a99be125d7
96d0cefe-7949-4736-a7dc-1e4fa94765ec	953b89f7-4f4d-4624-9684-d287d490d5b4
97640ef0-0259-4244-95ba-48d28c60b372	59fe2b9f-da64-452e-a54a-245fbb6bf76d
9283709d-d019-4291-a097-611a5c05244b	2448d8d4-198b-42b9-a822-f4fb071de2e7
93b742eb-5fc3-4ce2-b7f6-c89f97e0dcc9	b74fe897-74ee-4c1e-87bd-4e18dd64284e
9ffa79fa-d2d8-48e1-8fd6-4b020ecf357c	1f9630f7-cd15-41ae-8030-ed36859710b2
9bf40eeb-9a87-44a2-a782-197ab954c937	7a8db4d9-ddee-4f17-bf71-d33e43afaeab
a0b136fb-3a0a-4411-8907-4ca775c7d04e	40d8ec31-60e2-4c0b-ae9b-c5910e2cebba
9d0f5938-6a01-4c06-8536-dff834f7f2f9	68ac1641-5d4d-478b-bec5-a4c9391e3bb1
9d0f5938-6a01-4c06-8536-dff834f7f2f9	a6d8287f-24e7-49bf-87e6-e49a00e3aedb
a1ded1e8-eb28-49dd-8f3d-1ce8f40eed8f	6d426248-0d0c-4a60-9f9d-ea8b77d9d8bb
9f771c36-16ec-4770-bc53-f6c861343f1c	f1e725b6-9d4f-4951-815a-8f8331d0f875
a4fcb7fd-9c22-4486-99c5-97da050c9fb3	0f230728-5576-43ee-be60-17e9efc5e808
a3d89882-6d5b-497a-a9e4-a8b8908c3ff4	71b650a6-9849-47a0-8c8b-f0f639b75abe
a55fb87d-f606-48a5-82f5-09eacbacf41b	0bce5c44-d739-43d9-bee3-24e8e1a8c064
a3f98e70-7050-46cf-a679-ca7a83f4442f	3d00f82c-a193-4eec-8a1b-472b3c614abd
ac511727-185b-4ac0-b6c0-dc3a79657be6	8209a74d-b2f6-490c-b3eb-13c336a364b5
ad6c9d09-2c03-4786-a72d-dd2aa5f603d4	16115315-72cc-454c-93dd-ec6c6310a8f1
a8fe444f-57a5-4364-ab55-09f41ecb4591	976173d5-f519-4c08-ab2a-e05bf5923dd0
b43b8aed-d166-4f00-8144-24ad3fe314ed	3f6cc2ce-245d-4eed-831c-ad4165376e69
b3342767-62bc-407f-8a83-5be50e3bdc3e	55ccd178-6f91-496a-ad16-d82e45928366
b4a41682-4aca-4f1d-bacd-66f5e6ec7466	5e362910-3262-4ec6-a00b-27b9b2e4f4b9
b98867d7-7d5a-4c58-8878-37bee6f2f4fa	ec391e89-3ffa-4e8f-ba46-7ea7a95dcd7b
ba9d4568-71a8-41fc-a2be-0bf784e36d6a	c261903e-b302-4e33-80f5-44ba910eaa47
b80fdc9a-341d-4277-9664-8e8f770d9ddd	6a299d04-3ed3-432e-b6e5-4e4f4d3dfb6d
b815fae9-c595-4c76-acc6-6d38b9af9578	2df35b3b-edea-4aa2-9cb9-9c3699e8ca16
c9a36eb5-ac3e-424e-bc2e-303de7105957	0163117a-2f64-4f00-b22e-d82254aaae0a
c4060ca5-33e0-4c83-b91c-742d75059bdc	cc8ebbe0-d89a-4f78-87cf-660e27df4d10
bf6b931e-cb2e-4cc0-b603-e9fc71fdc509	e0865862-8829-494f-9a15-237519513ed5
cb78efb3-bc29-4de7-9128-fdc4f9539b48	73a49f51-4a65-4bfd-ab68-2003a3a2cee2
bfaa4b3f-3e38-478e-99b3-013f2cda80f5	530aeb2b-2b87-4894-9853-8120649ccbf8
8970f713-4a7a-4125-892c-6a34139371d8	23a30a82-7b8d-4ace-94c0-1844651bf5c2
cac30b32-03ef-4ecb-88d8-d5577ab6b2a6	9936b58b-3328-4ef9-8085-cd611b2294f2
aad9a83a-ab62-47b0-990c-527ccdb58d63	509ac1c1-9c94-4b12-a1a2-599bc2769435
241d9310-9137-42dd-b28d-0dc50c44cb43	fbe956a0-66f9-4781-8f71-0a579f0d6921
d2ca9a4d-c14c-40c0-871c-88794a02e4aa	209f8ebc-42f0-4695-b9f1-d9dc30d0e0b7
171890ae-0391-4d8c-9bd2-090d866a2c5b	5bd3d1ea-675e-4e41-96b3-d2da8a644879
c7885e34-d5dc-4256-a4ad-944a27dfcfc2	a8c8404c-f376-4d3d-bf50-2e1aac8d3afc
58574e35-8a30-4207-b127-59fff7c87a43	98d3da9f-bc4a-4ff0-ac57-fe62cf8f6c41
17885905-280f-40fa-943e-346ed45403ea	998d7c15-6ab5-4006-a1c8-183484bcfb2b
ffcf851d-7fa1-4b45-911a-a3fbd74c253a	80757185-4699-4dc0-a39d-5da6b97005f7
6a82a217-f7a2-4697-98a6-6c6553e8fac1	d9f2f627-8527-47be-bb59-fe7033c3499d
10b3f56a-e61e-486b-8d3c-176668d5dc34	0d99adbf-a53d-4f67-8894-a906faa8cd0c
aa10d6da-ba20-43e8-ab8f-a9b4b58738b4	21313b5a-fa60-4113-bd3e-f1aaf595323a
b7ac2f06-012a-436e-afde-7e4d653c84d9	2f139a03-2848-4b7e-9c81-34fb5d4bf3bf
467d5c94-1e67-4454-9e9c-9dffaa643032	494a88b0-ea90-4a12-b4a1-48582a6cf9ea
890b5a8b-703d-428d-8833-bc0ce26e80aa	5c257396-c22c-4846-9fcc-a8ef1915998b
5fe17dde-ef75-49a2-90f8-0647077b6ca5	380b9900-16c1-4456-80b4-87faf8567fae
47d1fcaf-3c01-43ba-9a21-0870b4ea2976	f0710431-74a4-4b7e-a715-885b09db10f2
3a2fe6da-5f3c-4ad8-b735-23adffe3fd6b	e0498eed-a84c-40d3-9015-c7a8b65d37dc
241d9310-9137-42dd-b28d-0dc50c44cb43	d5fc6c36-385e-469e-b3e8-9e210be4d44d
1dd23cd6-3aa8-4553-8813-04701451846e	e67fccdf-1110-46fa-898e-6626f65508da
06580cbc-d0d8-4b97-87ef-ebc17cdae81c	704b983d-0e29-4b10-b00a-f0c2c87212a8
116ad004-929d-4c8d-8eee-883d132e0fe5	eb358d94-4cba-4f14-ba44-a8fdaa4140a2
134223bd-5c03-4854-a034-ebd2c527833e	d81be377-be69-4b84-a224-015aa562601f
03aca47b-7653-4938-9178-ed7c37eee6d5	c5976308-8c60-4f51-8e86-3b586f137f23
0871333c-1088-4af1-a365-12256643c5bd	f3d1399d-7cae-4daf-a37c-78cc625887e2
50239d1d-b3a4-4240-ab83-b24ba67b1299	7cb360b5-2a40-406b-a991-8f8a5a4e22bd
6ecccbf9-bfda-4f5e-9618-3bffaebf4660	7cf94274-b64d-4b56-8cd6-19029fe52031
fafd6f5b-1d76-4537-bd1c-e0bd7b4e2166	3bb93076-d3ae-457e-862d-9a84c03b2cd5
05fbd98c-28bd-41bc-ae60-16ac0c16c723	a40e6f8b-3e87-4a28-9e8c-c092a8d3bae8
e08e1d99-81e1-454a-9bda-cda92c9e22b4	9eda745e-b182-4611-a4a6-242db8a07337
64a195f6-2212-4e81-bccc-e39c77a10908	bdf4c1e7-f823-4828-ac05-e8b0608a2a11
1bc03593-5ab6-4082-b157-7ea456845e28	84b980fe-ea6d-4834-be53-86a5ef747ffa
e2e64c5d-44ba-42f0-ab9d-ec16b21d2545	0508b025-15b5-4012-b1b1-530d329eeec9
1f6167d9-c99d-4873-8d6e-e62a1c964135	b944e00d-c119-4bb8-943d-2eb4ea88c410
20ad4ac0-6a87-461f-83a5-fded51bf821a	5da23d36-1b6e-4508-aa01-59a2c275e26e
10d0a058-3e5e-4916-84c4-25f934b96f86	97462011-c8af-4335-8886-813b9ba3c697
248fa778-0758-4681-a31f-371ea8d376e6	75b8e891-29bb-4993-b867-cf65aa85c8ed
1e05fdbd-c80b-41c6-9b40-8a7200c92e76	8a0f7072-476a-41b3-aaf9-8c053cbefdae
11c944fc-9a49-4c00-ab8c-da5dfd595244	6e5885ee-adc4-4771-a7ec-9719dbd59081
12d94c6e-323f-450b-b510-f2ab4671e0fa	bccc2a89-933c-4a71-9912-d58c8181c7bb
26cb1330-ce48-4006-8155-f6d52d3ab9b6	bdc3e015-b191-47d1-b419-ba19f694215e
2b2bb108-ca85-4b3e-a6a6-5ffaac487c5e	a29de7d1-6d29-417a-8fad-2cb57a8f7db8
b4d5299d-1f25-4565-b612-0a0a4d6656ec	ee32d16a-2dd3-4b72-b504-a4824321e83e
42d342d9-f8a5-4940-9b6b-5773d66055f9	a95ddac7-9b25-4bd5-912a-9fa6c537b10b
97c3c5dc-5540-4713-805e-4d98fd8c03ad	f58540cd-7ad0-4167-b984-3506713d5da1
0d0731e2-8d82-4b6d-9258-2896a770a868	0a72a23d-0e31-4060-8a99-c5da7e11c5ef
fd7e2226-8086-4a56-867b-6457b87a7fed	f759de52-a9ad-494a-b618-74b6da07a769
ae2051a3-f851-4cb3-af18-029f4574b179	74b85e44-faa6-4eae-97bc-76d64c49b4d8
db873dbd-d0c0-4a19-80e5-963dcfaf823e	2ff763c7-5655-415f-8d88-2700c8be16c5
a88d6f62-88da-40c4-bc16-7fe58f038b8c	459912ae-ae3b-4066-8e8a-ca2842e82f41
15e43ee8-3080-4895-84fb-a24ad3a68b97	72fd70e4-4c48-42a4-b77d-39a524fe517d
650310ff-b75e-40d2-bb8d-80e4efa36b2a	c778256b-62cc-4642-886f-f2950526f374
a71b425b-ccd3-42f0-8163-3721cb1794ef	060bb9a8-70e4-48bf-949a-9a4da4fe321f
2fc960bd-01b0-422d-ad33-34520fa3df0e	d6b37c06-d3fc-4892-b651-53e7401e8924
2855bf40-e5e1-4519-b47a-327bfc275279	46c9dffc-f049-4f48-a431-c9a77ac6ec63
7e3b90c1-8772-4e12-8050-a156558beb82	e0cab7b0-d7c8-4f47-950f-ede1ed50e797
1acda00d-04fb-4d71-99a4-996f92601827	722617cc-6c69-40e7-bddb-d2a22a7aa6d5
57212fda-fd32-4328-81dc-61f167970f89	a162c257-2c4e-479a-bdff-1361ffc1a7fd
83aa326a-09bf-41cf-945e-6b251f11f731	bf51cf1f-c9a9-4923-af87-b80ac8450edb
0ca3d25a-22e9-4e40-834b-65f402535005	41542898-f98a-4e0f-b4cf-e7153a39acb7
f1b7b418-80d2-4ddf-94cd-f79abba0a2a4	1140cd49-2d5f-4830-a135-bb887567be41
ce603d46-299a-4ffb-84ab-b3b914a561b9	09e82288-aaa9-43c7-81ec-d1f98e18a798
6fa62461-e721-415a-8b0f-363b84292b82	09503611-2e57-46e8-912c-0542e50c6ac8
a8a391ba-e595-4a91-bd55-02b312e55427	e3961310-002a-45bf-8ffd-088c400545cf
e95e9e7d-a1ed-46eb-9cf8-1d355bf0577f	e97dd616-e947-47ed-853f-72ee93272b15
55deab98-29c3-45a1-bc13-bce3f13ad481	6963bebd-6efa-457d-b2b1-949576cb32e4
b6d1490a-ae85-4e99-a053-1614b498a081	93982df0-1e17-461f-a23a-df067418f1c3
62887787-9385-470a-a993-98ede58f0940	b956b050-74b2-4bef-987b-3d29a0ef750b
b39d2880-6964-4c5b-b5a9-ab64e5cb31e8	e5d9c53b-3516-45c4-8008-f20e9586628f
5436b002-4e4f-4d0f-9566-c0ef4d2d1854	f196d91c-3eb9-4bbd-aabb-43a2879d6162
f458d21d-1854-4baf-9eb1-79c29b663804	9b573cf3-f4a1-4ff4-8bb3-10be48301a88
468061c2-0acb-4f67-a357-99ccbd81a8b7	e2d5d260-955e-464a-b712-56d166dd9842
fcf0dc48-b889-4593-a15b-aa715aae7bf5	4eda7674-c779-437a-9a7d-63952954d0ac
3f2e0c8a-6d5f-4763-be60-5a70994d31a1	0fc7262e-048c-4a70-b311-976db2f17c30
f87f7cee-e9bd-45cc-a740-3d8ffa9746d3	1daf9114-e83d-44e3-9455-02550b75202d
1dd23cd6-3aa8-4553-8813-04701451846e	91fa8c2b-ee99-42ec-a0e2-088931d05c4a
f33aa93f-b32d-4c4f-9a71-1e5ab69c6899	52615511-71e2-4ed9-a56f-d470662ef5ef
4199c571-f20f-4873-afd3-5393f2f8d2db	3094c16a-dcee-443d-8f7f-d50af40404f9
0858c8b7-e2eb-4461-b65e-9d476029ad8d	48662a88-af04-490a-8935-09b76b69f398
0858c8b7-e2eb-4461-b65e-9d476029ad8d	8c9dd8be-0b32-4bc9-aa8e-a86fa8712325
0871333c-1088-4af1-a365-12256643c5bd	66d6462f-5fe9-48ce-ba8b-0b470e1aefbe
b295a542-f5b3-4b81-84ed-3704b944a8e3	27794773-b10f-4ef7-9c19-90958bfc3d2d
387db1df-ebaa-41c2-b036-f46ad61e313a	35f5a366-f3c5-42e4-a88e-fd489f71b2de
692b50fc-19ca-4926-84cb-fd7168209e44	5c4a2b7f-2212-4412-b566-9354a0ae16ba
6a1aa50c-097c-4e04-8ddd-12d50f8a5ac2	d66293fd-36de-4518-a594-0a56d7299719
9e178d80-fe90-4998-9dae-726c4beceef7	35fd23d8-0dba-4a74-8c5a-cbebfc7e460e
546f01d5-aed5-4fb8-91c0-0fd5e0fde935	3b4422da-eae0-42fa-99fa-de497698e76b
c9c33b2a-bf99-4563-a220-01a5dbe3be92	b7139eaf-eac0-4794-aee2-3695a2043bfe
fb7672f9-5dab-4204-a137-c5fb84903892	e46b1407-7768-4914-a937-9fad62f0207b
765cc306-bdae-4caf-ad1e-35b8fe95c220	f8b3eb55-0a76-4f8c-bf8c-f99767c352fd
511b1de1-b855-47bb-a2f8-58dc5792be47	22c1ef89-458e-4753-b55b-140c0a3993bc
8b63be59-9ce6-45a0-80d9-4d20f4918cb9	cb33a073-f47e-407f-af93-92387244aa29
0b67f9bb-e469-4b4c-9ce6-6af1c7b1aab2	745aa662-a927-4863-80d2-7b9f222d708d
7152edc3-0a5b-4aed-b0c6-63f913dff272	bb9b442e-d08b-4b0d-8136-f095dee5991c
42bc2336-2408-441a-83b9-aadc9700f750	7a135d57-ce55-46bc-99d3-d7acf7c2751a
2c6d6c93-fb6d-47f7-a868-5e9a82c75d4c	6bbf7ecc-6210-4173-956a-aa241cbbff2c
deefdd62-4d35-40c9-ad4c-0b593f35cff7	aea89671-83a4-47b7-a924-07e23f3019e9
96415324-6859-41eb-8d07-be4e6f7d9781	041aeb93-f142-40c9-a878-2a10d3d1d2cf
0956bc67-dd55-4c54-a56a-f22f2856662a	a2b8d498-f21a-4718-8661-1cd9535ac2e5
730c3b27-24d5-4a80-b659-db54cd2bc4fa	b0716049-9102-40d2-bf6b-04098cfc2ba1
9eb1997f-14f5-4230-ae4f-1ef1943e1723	4a4b8437-d003-4149-9770-fa8365eb3430
06f0cf45-3840-44b2-bfc5-18eb980b8f68	0c5dc9f1-86b5-4318-bfe1-ca9d8db1eaf5
69efde94-a9f9-49ff-9c82-028c35940eda	e94a11c5-a447-4c7e-a19d-afb34d300a75
93a265b7-6c23-4e5f-b797-c117793744bf	049fed5d-ea56-4406-8db9-0118d23c490b
a98263a5-cc90-4734-b6f1-f0108bfd5cac	6aec3b4a-e423-4fba-9286-e639d252415b
ae2051a3-f851-4cb3-af18-029f4574b179	e8933f08-7c25-4423-af0f-d5431a4da6a3
451e4916-80ee-45f8-ad70-84340868a5a9	3706e408-1107-49d5-a526-5746c0e581ae
a091822c-447a-49a5-8c20-e329df79599c	55ffd417-0e61-4fe5-9ba4-54ae15c8330a
32128246-1258-43d1-b1e5-30ae63822c32	44d502d5-9e0b-4548-8ac3-e4a46b4bbb3f
d947828f-d62f-426b-9710-3c93a7aef05b	7ccb0411-d6a2-434e-847e-b4d65f2b1142
dec3c21b-3f59-472f-8573-27b0e830aa92	34e3a8ec-b5c4-45e7-8370-fda9d20deaec
490950f3-2d1a-4174-a30d-b8f5654ff316	28b7da5b-4e10-46a6-aa08-db3738a5d220
f3ee1127-ed53-43e8-825e-1e5516371054	33450be4-919f-4142-9650-813eb72f1870
f3ee1127-ed53-43e8-825e-1e5516371054	1d209e9f-bec9-4d4d-9805-837ebd62c103
e1fed7aa-2bce-45ae-b0c6-7f50ef97e425	a1157282-ef7c-48bf-8bbf-79f51799b7d4
e7d49212-e9cb-4cd7-923a-bdfc82a4a150	e4a520c9-91a8-46ec-89a5-1707d24c125d
1f744ada-6de1-446d-b62c-76a7fc8b40af	044de6e3-52f7-493c-b8d2-6aeca52375ea
f248d7b9-6ea7-44ef-8af6-8beda6c6ba4a	ddb1a596-2fce-466b-8b84-a92684527855
9dd8b7cc-d094-474b-9573-cbff4ab233c8	cfde3042-a7a5-4931-88ae-d4f23dcee41c
9e3e8014-04d4-40d8-b2df-53c770e01df2	495475bb-30cc-40bd-8640-cc35ab2a240a
ae90972d-5bc2-4b53-b5ff-1b8c31f39342	51d2bbc3-8240-458b-9feb-0d9808fa1646
2c6d6c93-fb6d-47f7-a868-5e9a82c75d4c	abbfd050-61b3-4138-94d2-19a11fe55407
05f01280-bf77-4682-a7a8-20dd0eac77bd	b4dd9915-1bee-4a4c-8cfa-9bb5c8157243
8a3fdb52-63ef-48d7-95ff-167829825eb9	c04eb652-77ed-4acc-8303-38d623e3cd28
90f44998-3c05-44b2-9501-bbd0f43c5147	d64c5014-7755-4439-a871-5e3648473446
839b660c-98fe-4468-a2b3-408594350250	28a3b4b9-ee0e-4554-8c5d-9fe619e81564
7e0575ce-670b-4035-8a90-4d35279707b2	7ed2198a-102d-42e2-8cf0-d8dfbdf34632
d8a6383e-3320-4d2c-9017-31e8e1e8f120	9adb359c-7196-4b9e-8cd7-b6b207521db4
547de7d8-c2f1-41d7-a0b4-cc6f39712301	b7670594-879a-44eb-b877-2439ec0f4511
6715b957-0d48-439c-8cd7-bd9b204d39b0	839d2ba7-bd97-4f29-b41a-17be274209f3
b843df7e-db06-4d29-b00d-6a93effd9191	6adeb3ef-4d4d-4e3f-945e-c4e39fad122d
c1f50a22-38df-41cc-a1f4-f7985504a7ac	4e2e0508-1085-4ec8-9c56-c29127d0a3a2
5c48e21f-1fe9-4007-9b0c-7ca766586fff	46d1ac65-127b-4e7c-b7e0-ac720f06be1a
5d5defb3-8572-467d-b383-7358f802b398	8de5bdb3-9dd2-45e0-8b21-1f2b285e0990
5422a86d-f9ff-4fb6-873e-bf7cc3de50e5	f2d34a97-ff3e-41f0-9597-438f26504ef0
534f85f2-b9eb-45be-87d5-c3dffd13d541	bd9af814-1b9e-4a00-99a3-79c3dc2086f2
534f85f2-b9eb-45be-87d5-c3dffd13d541	fd434c3e-120b-4e22-bd02-25e97f36fb1e
0abe0b8f-fd93-43e8-b78f-48a7c3f96868	1ea7ed6e-0e4c-440b-b54f-229ada1a69f7
ff9db03d-f81c-4079-8b05-f5a8c05b8cfe	3b566d79-cc7f-4bfc-a18d-c3598f87035a
3cf77e08-ea34-4091-b242-75c7e35ff699	14414c7f-a1b2-4c72-b975-9102ca7617e9
fcb0c5e5-f63c-41b3-ae0e-3d1d6aaa66e4	78107a9d-4eea-4cc6-9aef-1915f35acf75
65ba24fb-07df-47ce-91c4-677684b64cf4	69252a54-bbd0-4e93-a936-6dcb920acfb3
55f96a9c-e2c8-4243-8a7e-94bc6fab73a6	cd81e297-982d-4664-8083-25ec4424a939
3101785d-1cc2-4bd9-9fce-02205d0548c6	c0d34a08-d870-45e2-94c5-24e45d1f1356
b86e27d4-a524-4855-89c6-d46a4079a9a0	b4d80398-c339-407b-94d3-57afa590e16d
dec3c21b-3f59-472f-8573-27b0e830aa92	c10a8f09-e01d-4321-a0d8-a909418fb8e3
2915b26b-8c18-48e4-9715-a7e207f0a0e6	524edfcc-daef-49b0-88a7-28832e4adf10
45a10908-19e6-421a-8903-1440bfa57c9d	cf40df1f-3037-405b-b652-ff6a6f9d9085
93a265b7-6c23-4e5f-b797-c117793744bf	8fae59bb-c8bd-4125-8c8e-7908eebb5609
dedd71b4-8537-4947-839e-90aceddd0893	749e19d2-4962-4546-b236-5232fee78446
eb611a76-eecf-452c-bfbe-ab49b362f49c	4c1a19bb-cfee-4556-9445-adfccd73c738
91728cd6-ed91-49dc-9279-faedbe211a9d	919ad647-d821-45d7-ad7c-bc4078f6dc83
7cabcc66-f159-42dc-bd79-953bffd93b8d	6ffe0480-a95b-433c-b7fa-a760360f7ae4
ed61706c-7fc1-4c5f-b473-7b0888ac5b73	2d21aabe-6a63-4271-945f-5854bf890b41
5a03e2b6-4c8b-479a-9036-9859af031da4	4dc4c39e-b7aa-4575-90b7-e82d0d722761
896e37fa-3a6a-481b-b790-5ee62bbdc9fa	45b179a3-d0c6-48d2-ac36-9701f390c2ab
3ce5b304-6068-43ba-9e70-e4357d6d7a2a	34b7ac84-d020-4841-98d5-fc86aa7798de
67eae8b3-3bd2-4e87-af78-ffe8221f318d	df5d5bb6-d9cc-43bd-b03c-9721060f1ad7
8ebe8c25-5ef9-42d4-9414-8313227b673f	34738236-8107-4968-a889-5a3628d82ebc
12d05e8f-8d13-47c1-b713-2250f6abcef9	5b127b97-b493-47be-8a83-bc534733213e
17b17d91-c3df-4b89-9c10-4db069aff656	1a225cd0-4aff-4a21-a38f-4c7219da6daf
b8ac8500-abcd-40c4-9c24-7af557fd260a	53a868c3-12fe-429b-910a-04321ff14d9a
a4cb2c52-15e2-45c8-aff9-23339217d167	3a10dcbd-6ac1-4649-b06b-662dfa4e98c2
a4cb2c52-15e2-45c8-aff9-23339217d167	3f7bd19f-bcfc-4327-a1e2-bc30b4f6e861
e0f4d67d-5ca3-4c21-9f52-04f660827d08	3a2fdca3-c3b9-4f71-8f9c-f00970d318fd
6715b957-0d48-439c-8cd7-bd9b204d39b0	ec43db9b-d34c-4474-b724-57434589d558
4bfbce2b-9d0b-4e8a-950f-fd8e0ba3e05a	50e29729-0b0b-44e3-ae95-4de7372c087c
bd62a587-6fe1-47ce-918d-055f2b38bb0e	6c1d8dd9-cc41-49d3-b25c-7c49ea9deac8
2fc48edb-a428-49c3-9599-d00eb2b448ac	ecffbb22-a57d-4250-937c-d8a73a93d97e
fa2d4258-3ee4-4d53-8ef2-9700b5cf38d6	16680c4f-fb49-4bd0-ba7c-58f132ca77f3
573e3713-781f-447e-9f4d-a7faae4a4f03	045ffab4-4408-4550-b46c-ba0b237bb00f
01420c4e-6013-4d3f-87bd-a6cd9e3f8e87	ef3eab99-6232-4f1c-83aa-cc8dcd425c9a
06a802b9-0b5c-4ee4-9823-56d2e8c78422	0302ccdb-2853-4679-be48-de365da40545
18334157-aa38-4859-a786-99a920a1fbe3	4053afaa-596a-4a22-bf80-d413794d80e1
08a45833-16a3-4a57-a310-307ec086e558	d1633c45-ff9d-4fdb-bf27-28fedf653eb1
08c95e8f-aa2f-4163-ac43-096053ec6886	6d8fb2a2-14a2-42bf-8a94-7c0c90cfe84c
10593e5b-7acb-498b-bdf7-705e3e2bc443	151e8d75-31ae-4cf3-ae8b-f5f105e6363a
13f63218-0949-41e6-a661-c844414c45b5	6f76f81d-dd73-46d2-9fa0-3dc21b753b28
d83b6b2d-932b-4240-b99d-5506f18af892	db7c3ee7-60dc-4730-b426-b733c6a41ada
1c509ba7-2edf-4428-bd39-109c78b3fb30	622b94ac-8bef-4606-8dcb-5ec6eeba3dfe
1465b7ec-8d2b-47dd-8387-977eed44cc86	d76c021e-8c55-43cd-84ee-9785a323c29a
24ecbe19-a9ea-4215-a7f1-74300f9ed2a9	f67853ac-b2db-4782-96f3-1d0338fac60d
2a7b4613-f908-4e78-98ed-857dcd7ed774	46c49b3e-0cf1-4c97-b6aa-205043d0d34b
2c7f1035-5c8c-4c49-8b9b-2f1233896530	489bb150-5eb7-46af-9c6e-9881016b6ba7
2a749317-0156-4213-8482-b2c2d6e52e9b	b6a38e2a-0044-4d7c-a223-1bf169d4e088
2c985b30-0f8f-4c8f-a924-cc6aad7ebf0d	3a3344f6-76e1-43b7-9f23-591642400ae3
2e73e016-61ff-4f23-9ca9-fd48d9050d82	b93f66c9-cf2f-4edb-bd2e-e59860d66845
38cfe5af-02e4-4271-8978-8e2566d3dca7	1b15bd5b-b25e-45e4-9dc1-c4aed2dac1a5
3c975b68-4a6e-4c97-a8d1-b9a427d4957c	73ba4949-9057-498b-80b5-8b6f70841a8e
396ccdcb-40eb-4299-8575-b26753054434	23b668a7-cfdd-4785-ba3c-3af60184803c
35c1f2c6-771c-4533-82df-f8e2ec7107d7	8ed43daa-0118-4481-9e7e-71c4b709b626
3e49a2b8-9b2c-4d15-9773-24df8b4ab2fd	886a0679-0b46-4ebf-887e-d899cdf38caf
3aea4cf5-ade6-4747-b1d1-c431564f5fa6	aed9e1a3-8037-40a6-9ced-64e414467718
3e5f451a-5882-4914-ae1a-95c898c2bcca	59531f37-b664-4e6a-982f-48a5ee901a41
3c5bc678-41e9-46b3-9686-5cd95659ab71	892eed19-fe56-4ae7-8785-894ae16026ea
432fbb6c-331f-4d2d-834d-f6378d88107a	b4b4e9e2-b661-4968-a347-4d6086cd0cbf
3fb3d96e-85ef-4071-a220-2382f8d9de82	6435d2fd-7a46-423a-a3ad-7ab469234196
46625ebd-5bf3-4fe7-bf3f-19cc5a210555	1529866b-741a-49a1-b6cc-7b24693ad1e6
402fd96c-76d3-4ac2-9f64-77bd34be0adb	26186ce9-f0d1-44b4-80b5-729dd6bcd23e
468649e7-1525-4b8a-8ab5-ddb27db5f022	c01bfd3f-c2ee-4a2e-abe1-c08def164e56
4075717b-2240-4842-a00a-0c4dbcb910c4	a6095079-12c7-4de0-a779-e1c639db5541
43b99616-d7b4-404e-8912-4275f8d6dc55	a7f51de2-26ec-4719-89b8-161c9d1f0790
46e51eb2-0c5e-457b-af1a-8bac1b8a8bea	b3a80fbc-9066-4bc8-88f0-3f20d52f6489
49b94421-fe82-4f24-8ef2-820674142418	8c4a7f36-f25b-449a-87e9-e413a35cbca6
4eacd173-025a-442b-8bce-890ccfdca586	12f179d3-3dbc-41e5-9c8f-c1d170ffad55
4587ae9f-71fb-4582-82ff-fb407fee6445	a06c91ef-ed4b-42d4-9edf-1df4722fba4f
4b4247e2-4446-44f5-8573-4cea8bf69f8e	e91e778e-67af-4f3e-a5bf-f95fe29feeff
59a7d695-cb0c-47b8-ba9d-ca52ca2cfa7d	6c93913f-c670-4a58-acdc-91166f249eef
54dab158-eb39-4334-8b5a-bf290e6b8bb1	28049154-f1db-4b0e-9cbc-4bdd5a745d46
b8307f59-713f-404c-9a82-2450d2ad7507	5d866859-e5b6-455c-b907-d24df2d2b387
b3631718-9e0a-454c-bee1-8f36ebc509d8	0fe556bf-dcc8-4a8c-8b5e-b04d82e6211a
b835289f-6174-4bf9-aedf-9ebb9ef4eb62	0671f907-5a87-4d69-b18b-353e123b04a0
b4e0c62d-f2f6-4243-9e0f-ae2ad4ca4bb8	7579dcb1-50fe-4ea5-b943-db0fb9f02afc
b64bfca1-033c-4501-a900-103ac105c084	39a52830-42d3-4372-bfb7-dca85d09b3c9
b9aac2a5-5ca9-4f57-ba02-b53904256467	7332ea7f-d612-4e35-8317-78707b8025ed
c0edde5e-d229-4061-8820-14afc712c5b6	5a56089f-5a40-481c-a344-99309cd1d4cd
bd75d8ee-916b-4abc-bf33-bce6a4217076	57160761-0a05-4e94-9205-719c5811aaab
bdc0a7f5-d0f9-4008-bf4c-51e570ca1ebc	ba98799c-6f98-4d0e-9ce1-b2a21df680c5
d2e43b2d-2b28-441a-8f03-a43ae7dfc1ce	2399c612-2197-4e5b-8b3a-7c9927da9ea6
c539274c-e2bf-4b5f-ab56-35eff1569bac	0f6610dc-68ff-4e6a-8e14-247d14efdc3b
cc23a09b-bca7-43e0-9ad0-bf272848492e	f5e13a7c-953c-4d71-8b27-82033f3c51a4
ccd672df-44d4-421f-8727-0a05e513b6c8	9b55f6d0-87d1-4afe-b27a-491c5e4784b1
d86fd392-fa5c-4142-a647-440e6c32d478	bf7e3880-e49d-412a-99bb-0f17456bd692
d622bcab-5b5a-45a4-8c02-7bcfdbbb781c	ce6dbffc-c526-4f4a-90de-ba402b2b63ef
cd032ddb-55f2-4c77-8dcf-e4e630f7de6f	21aca47f-d70d-4c5b-857d-36cea1169726
d189a6c6-210f-4957-b500-457d5ce3f867	6a74413d-938b-492c-94ac-d5113d255240
d296cdb5-a0f6-40cc-8ce7-73e4ccd176f3	5fb5f7ac-6241-4c3d-8350-b18f28c317c5
d7d49895-032f-4385-8b68-ae16f8675ca7	d8251860-ff31-4639-9dcf-88b4d44d18ce
e16e9535-b20f-4c9a-8b5b-82df80c99448	35642bf7-b6a9-4b78-a11e-e89c2a30d451
e4733700-ff23-43ff-bfa0-e679ce9352c9	a0e5df28-f34e-4fc8-8100-ea276c5956e4
e303b8c4-6428-4134-bb9d-a95dc1d8e35e	409790bc-30ef-4f2f-9025-52d0c1864a04
ea93555b-daa5-439a-a13a-796917365454	86eb64f4-027e-4ac7-8d7c-55e8aadb1014
eda7df86-a344-4790-88ac-e1391f07f66d	8549e24f-b9d7-4203-97ef-15aeb7a7fde6
ebd1be2c-35ca-45c0-9aba-9baf432114c1	06c46190-b2e2-4c28-9dd8-ec9df9b3faac
e7d1f0dd-eec0-4670-a2ba-00ffe38c6382	bf03f2c2-98e8-4843-9449-ac21b2998b01
ebfb8c1b-471f-4acb-a1fe-287e02cadba7	4bdddb3c-3639-451e-ad97-664fc48b6bf8
ef3ce0e5-d2e8-4616-8b1a-a78c591cf235	6ddaa57e-0b22-43e7-9c2b-6212af18b2f5
ed6ac43c-d921-4342-aeec-9ff8d8a31919	52b3f43c-5b7f-46ea-adf6-a9534eaedf6c
f22eac21-8a74-433a-b65c-3540d14a45cb	cdf82afd-bf8c-4928-ad79-4e4ec703dea5
f04f1c1c-6d6d-4a2b-ba88-110b08fcc596	c10916ac-5a60-41db-ba5d-a9329dce486d
fbdab01c-191c-4aef-9451-ca3afec55fa1	73c3420a-f453-47f7-9d80-ad0ddc8e4000
f3a626e4-2d93-4d13-a34c-de0e0c6118ac	be6dc660-6d65-443e-9865-432eea2ad1aa
32aac152-322b-4d7f-a78b-448fecdf17bf	e90a09a9-b44c-448b-9287-bb502da3cca7
044579ef-16a6-4f00-b951-edc423d8a14f	adf33b59-40ef-48fb-9dd2-1f1759582383
94a47bf8-f673-45cb-a8d3-1031317d03b3	75a491de-b673-4731-bea1-149a74ec8c87
02dcc11f-4f0e-4c9e-8d96-d22d47beef5d	4b2bbd5e-3d02-445e-904f-6d69d43816af
039788ec-1364-40c7-9e9d-13dc305674e9	723ac041-cbef-41d9-804d-e70c007086ab
91d44093-d8d9-442c-92ed-e659c45b4e0a	f97ae484-c4fd-4253-896e-3e3f96471f05
1c25aad5-13f5-44dc-a18f-425d7626ce55	20dad6c3-80f7-46c9-90a8-313f8eb1b7cb
f68237e7-7fc0-4b6b-8095-b49515ddd169	23457939-bb98-4ffe-aa3d-c96099bab2db
d9e8c707-e61a-4813-8dc0-2472e9ccf12b	12356fb5-98f2-461e-b590-6bde94eac461
220d75ae-c94b-473a-a988-ac40c15fa219	7a4f5a82-54fb-42b5-ab40-1cefda8dad3e
09f6c3ab-b799-404a-b301-22b9caf33e82	bb140b85-ab50-48ff-92e2-e8575b717cea
22933e67-5c61-4c13-9772-5adb78785b34	6a8370d5-8873-4f35-b6b5-31869f58a736
d99f39f3-e85a-4073-b6ce-371ba76cea20	5707cde1-035e-4661-b85d-c459e98297c2
c7353d6a-82a2-4a0d-8cd4-8c8957943edb	95cff59f-cec7-490d-9519-83b39c202cb2
64bb5550-2735-4401-a0db-58ec1020a32d	ba27831d-d20b-41e4-8dde-d69ea443450a
815119e3-13c4-4f63-98c7-10a519034a25	ee7ba1b6-49e2-4b07-84b4-dfaa95e05074
815119e3-13c4-4f63-98c7-10a519034a25	fdb27f75-f853-44f8-a5c4-1ecf6ff27412
277b02e9-ded5-4980-845d-af53690000ac	a62d59ff-b040-4986-adb6-044191fe4462
5da2dbde-735b-4f05-b6d7-76de54d6d6ac	130c3d03-9b15-4577-bff2-f9e3cf8cda29
339f80f9-a542-4aaa-8bb8-3784493dd5ab	d33b5123-4cc3-4731-84ea-88ca8ad90943
ff9db03d-f81c-4079-8b05-f5a8c05b8cfe	0486cbe7-ea63-4a75-8bad-7e95993b34ce
4cffea0b-90a7-4c86-a73f-bb8feca3ada7	1878cff8-f627-4ea6-bf0e-13161fcd4564
93cbda0f-8454-4127-a6da-a19dda345deb	a6539e64-aeac-4a51-9a35-b088be14668c
c2bbb6f9-6f88-4a58-a15a-b887dfad34b4	b78ac464-2435-4d29-b287-61383ee4aecb
55f96a9c-e2c8-4243-8a7e-94bc6fab73a6	edb9c52d-c5a3-4183-82cd-3e6ce07abbd8
27c28c89-f4e7-4aec-a806-c0da7756e47f	dfe94936-7310-488f-87bf-22e6a7b3078f
b3dbf9ad-9602-4e44-beac-1cfa5f8bba5d	9914782d-af76-41ac-b00c-7b54b91b66b3
b39c64bb-122d-44b3-9672-d0dc8468ca93	727176ff-b360-45b6-9f18-cc18cace6961
9c128871-1026-46ab-9ae9-7c6aac468b11	c9243cb6-96c1-4f80-bd43-cd62004ccd7f
