file_id	case_id
40d8ec31-60e2-4c0b-ae9b-c5910e2cebba	TCGA-HD-A634
c3afcb4c-394b-4876-aa92-00500e9bf740	TCGA-T2-A6WX
cf40df1f-3037-405b-b652-ff6a6f9d9085	TCGA-CN-5355
7ed2198a-102d-42e2-8cf0-d8dfbdf34632	TCGA-BA-5557
55ffd417-0e61-4fe5-9ba4-54ae15c8330a	TCGA-CQ-6229
b74fe897-74ee-4c1e-87bd-4e18dd64284e	TCGA-CV-7263
3492bb67-a7c8-4246-9689-4b36ce0efb1a	TCGA-CV-5443
b4d80398-c339-407b-94d3-57afa590e16d	TCGA-F7-A620
a29de7d1-6d29-417a-8fad-2cb57a8f7db8	TCGA-CQ-7063
aed9e1a3-8037-40a6-9ced-64e414467718	TCGA-QK-A6II
bdc3e015-b191-47d1-b419-ba19f694215e	TCGA-CQ-A4CI
0295ea9f-3c48-400e-8004-05ca911f460d	TCGA-CQ-A4CE
e4a520c9-91a8-46ec-89a5-1707d24c125d	TCGA-CN-6011
9826930c-b7bd-49ba-b824-1f940e207f4b	TCGA-IQ-A61J
34b7ac84-d020-4841-98d5-fc86aa7798de	TCGA-CX-7219
b6a38e2a-0044-4d7c-a223-1bf169d4e088	TCGA-CV-6933
530aeb2b-2b87-4894-9853-8120649ccbf8	TCGA-CN-5359
5bd3d1ea-675e-4e41-96b3-d2da8a644879	TCGA-CN-6997
524b91bd-e61c-475a-9217-3ccd76688a0d	TCGA-BA-4074
c5976308-8c60-4f51-8e86-3b586f137f23	TCGA-CR-7392
15b120ca-b99c-43f9-b836-529583c50fe9	TCGA-HD-7753
2448d8d4-198b-42b9-a822-f4fb071de2e7	TCGA-CN-6020
ec391e89-3ffa-4e8f-ba46-7ea7a95dcd7b	TCGA-CN-5369
a162c257-2c4e-479a-bdff-1361ffc1a7fd	TCGA-CV-7099
53a868c3-12fe-429b-910a-04321ff14d9a	TCGA-BB-4227
c778256b-62cc-4642-886f-f2950526f374	TCGA-CV-A45Q
f8eaf87f-8ab3-4d10-954e-eb4e4a4e0b82	TCGA-CN-6994
1a225cd0-4aff-4a21-a38f-4c7219da6daf	TCGA-BA-5559
29b722ad-3c3a-493a-96d2-daeb00763881	TCGA-CV-7421
df5d5bb6-d9cc-43bd-b03c-9721060f1ad7	TCGA-DQ-7593
ecffbb22-a57d-4250-937c-d8a73a93d97e	TCGA-CN-6024
de34e402-4e33-4beb-8c84-34f6b0288d9e	TCGA-BA-A4IG
1ba64243-b3c1-4b6b-9899-64944a3da9ab	TCGA-HD-7917
25a938ba-21c3-4053-b5e0-f1bbb2eca3df	TCGA-CV-6945
7cf94274-b64d-4b56-8cd6-19029fe52031	TCGA-CQ-7071
9eda745e-b182-4611-a4a6-242db8a07337	TCGA-D6-A4ZB
ae941efc-1bb6-441b-aea2-694b1aa4081a	TCGA-CN-A6V1
4f74695e-ef5a-49c1-a813-6d65f223d7e5	TCGA-CV-5976
10d2df0b-08ca-4eff-9e42-b23620a214fe	TCGA-CN-4742
7ad79b6a-5f2b-4315-ae69-25439113193f	TCGA-CN-A6V6
3934d67f-58f0-432d-8c12-72346d31a753	TCGA-QK-AA3J
d1ba03b4-c63c-4be6-a723-6d87749e4b61	TCGA-DQ-7595
d33b5123-4cc3-4731-84ea-88ca8ad90943	TCGA-CN-6022
e0b6e092-202f-45a0-a8f9-1de9f04fb04e	TCGA-UF-A7JK
a1157282-ef7c-48bf-8bbf-79f51799b7d4	TCGA-CN-5356
aea89671-83a4-47b7-a924-07e23f3019e9	TCGA-CQ-5323
2399c612-2197-4e5b-8b3a-7c9927da9ea6	TCGA-CV-7425
c87e7072-34b2-4aab-bfb8-0fd61d926fb0	TCGA-D6-6515
5707cde1-035e-4661-b85d-c459e98297c2	TCGA-CV-7253
0d765c4d-33a1-41db-bfcf-2119c521dd45	TCGA-CN-5360
465b74a3-2a01-425e-8c1f-45c8ee19f51c	TCGA-MT-A7BN
6a299d04-3ed3-432e-b6e5-4e4f4d3dfb6d	TCGA-CN-4734
a4696acf-2913-4bc7-a20a-7851025c8462	TCGA-CN-A641
f67853ac-b2db-4782-96f3-1d0338fac60d	TCGA-CV-7252
1878cff8-f627-4ea6-bf0e-13161fcd4564	TCGA-CN-5365
bf7e3880-e49d-412a-99bb-0f17456bd692	TCGA-CQ-6224
4dafb507-f3cc-4f37-9c69-7ba0f3df1ee8	TCGA-CR-6487
524edfcc-daef-49b0-88a7-28832e4adf10	TCGA-QK-A64Z
6911eac4-95c9-46c4-ad67-59c29bd85aa0	TCGA-CV-7446
409790bc-30ef-4f2f-9025-52d0c1864a04	TCGA-CQ-6228
1f715b37-49a7-4b68-8787-10c28dc71039	TCGA-CR-6491
4f0f7051-4e3d-4749-b50a-c85f7dabe7c0	TCGA-UF-A7JC
22c1ef89-458e-4753-b55b-140c0a3993bc	TCGA-CR-7388
7eb3d86e-0bd6-4f3d-b4fe-c4702b46ac5e	TCGA-CV-A465
5dbdee96-ea4e-4a0c-8ebe-55a99be125d7	TCGA-CV-6956
116d6aa9-7b48-493d-88b0-d620d0fb1da4	TCGA-HD-7754
650cd049-8ee7-4191-be99-e8c6740cbf80	TCGA-CR-7395
6435d2fd-7a46-423a-a3ad-7ab469234196	TCGA-CV-A6K1
dfe94936-7310-488f-87bf-22e6a7b3078f	TCGA-CR-7368
13b83e88-3035-4c10-bc05-a6bdf2f04fd0	TCGA-CN-4725
c9243cb6-96c1-4f80-bd43-cd62004ccd7f	TCGA-F7-A622
509ac1c1-9c94-4b12-a1a2-599bc2769435	TCGA-MZ-A6I9
1f34ef35-95b0-4470-a17a-d7ccc0fb97e6	TCGA-D6-6517
7c415019-de42-47b3-b2d9-31190418e857	TCGA-DQ-5625
06c46190-b2e2-4c28-9dd8-ec9df9b3faac	TCGA-IQ-7630
d8251860-ff31-4639-9dcf-88b4d44d18ce	TCGA-CV-7095
d1633c45-ff9d-4fdb-bf27-28fedf653eb1	TCGA-CV-7438
d64c5014-7755-4439-a871-5e3648473446	TCGA-CQ-6225
35fd23d8-0dba-4a74-8c5a-cbebfc7e460e	TCGA-CR-5250
a2b8d498-f21a-4718-8661-1cd9535ac2e5	TCGA-CR-6472
e0cab7b0-d7c8-4f47-950f-ede1ed50e797	TCGA-CN-4739
1c9c9ad2-892d-4b36-82e9-51d465e9b68a	TCGA-F7-A50I
0508b025-15b5-4012-b1b1-530d329eeec9	TCGA-CR-7401
c04eb652-77ed-4acc-8303-38d623e3cd28	TCGA-DQ-7588
34738236-8107-4968-a889-5a3628d82ebc	TCGA-CQ-7068
2a82e572-e911-4103-b01a-8a5fc8dcc8a6	TCGA-IQ-A61E
98d3da9f-bc4a-4ff0-ac57-fe62cf8f6c41	TCGA-BB-4224
32d7d3ba-a8b4-413d-9cc7-d907daf8b407	TCGA-CV-5439
ba27831d-d20b-41e4-8dde-d69ea443450a	TCGA-CV-5431
0671f907-5a87-4d69-b18b-353e123b04a0	TCGA-IQ-A61O
a6d8ea07-b43b-491b-8acd-09f57c4b3a3b	TCGA-HL-7533
51d9078e-4e0f-4f3e-979a-4f08695757b4	TCGA-CV-6436
74d18812-6caa-4398-8d31-e1cde3ac75d3	TCGA-CV-7254
a5d4f069-8642-4137-a4d0-a43d470221f2	TCGA-DQ-7596
bccc2a89-933c-4a71-9912-d58c8181c7bb	TCGA-UF-A7JV
7779c5b1-c3cb-4595-a0cf-8e78085091e3	TCGA-CN-4731
4eda7674-c779-437a-9a7d-63952954d0ac	TCGA-CV-6948
d5fc6c36-385e-469e-b3e8-9e210be4d44d	TCGA-CV-7101
2d21aabe-6a63-4271-945f-5854bf890b41	TCGA-BA-6868
616b2f3b-b80f-4935-b9ce-9e7fa0739f6d	TCGA-CV-7428
ef3eab99-6232-4f1c-83aa-cc8dcd425c9a	TCGA-BA-5152
bd237b46-b737-4651-9e7a-612e04632a6f	TCGA-UP-A6WW
e0ba453e-0cbf-4cf5-9cab-d889f899bb7d	TCGA-CQ-A4C9
e4e6b6d0-e0d8-4477-bdcc-57daf4468e92	TCGA-CQ-5325
f3e35797-d314-450d-b3cf-5b000dd1691d	TCGA-P3-A6T0
749e19d2-4962-4546-b236-5232fee78446	TCGA-CN-4733
7862a1bf-90d3-473c-9cc6-b4e44019ad2d	TCGA-CQ-5332
1daf9114-e83d-44e3-9455-02550b75202d	TCGA-BB-7864
8c4a7f36-f25b-449a-87e9-e413a35cbca6	TCGA-CN-6996
b78ac464-2435-4d29-b287-61383ee4aecb	TCGA-CV-7427
2a569ad0-faee-4431-b9f1-a7cef32d1a3d	TCGA-TN-A7HI
b668d085-9a13-4d78-a973-eba35b289c64	TCGA-CR-7376
46c49b3e-0cf1-4c97-b6aa-205043d0d34b	TCGA-CX-7085
7a4f5a82-54fb-42b5-ab40-1cefda8dad3e	TCGA-P3-A6SX
a0e5df28-f34e-4fc8-8100-ea276c5956e4	TCGA-D6-6516
88d9d603-1444-4774-addd-71412a3805bf	TCGA-QK-A6VB
b8061cff-d788-40e9-85ed-7b0dd5c666d1	TCGA-CN-A6V7
f5f6cba5-feca-4a5f-93a6-78f95fcb7ff8	TCGA-CN-6012
5ce6d778-09e1-460e-a3ed-5b20b586d838	TCGA-KU-A6H7
efbbaf9c-6f7c-4a67-a741-d47133001cd3	TCGA-CR-7377
cdf82afd-bf8c-4928-ad79-4e4ec703dea5	TCGA-CV-7415
b4b4e9e2-b661-4968-a347-4d6086cd0cbf	TCGA-CV-A6JD
72fd70e4-4c48-42a4-b77d-39a524fe517d	TCGA-F7-A50J
0621ca2f-3e91-4b15-8989-1bd6ec48131f	TCGA-CR-7402
976173d5-f519-4c08-ab2a-e05bf5923dd0	TCGA-CR-7365
382c3d30-4a8f-4173-8b28-38795909bd34	TCGA-D6-A4Z9
919ad647-d821-45d7-ad7c-bc4078f6dc83	TCGA-CV-6951
ce6dbffc-c526-4f4a-90de-ba402b2b63ef	TCGA-CQ-7072
340f6bf2-e251-4e6e-beb0-0d835e292df4	TCGA-D6-A6EN
12356fb5-98f2-461e-b590-6bde94eac461	TCGA-CQ-6223
1b15bd5b-b25e-45e4-9dc1-c4aed2dac1a5	TCGA-CV-7236
fd434c3e-120b-4e22-bd02-25e97f36fb1e	TCGA-CV-7255
3bb93076-d3ae-457e-862d-9a84c03b2cd5	TCGA-BA-6869
b6f1ca49-344f-4408-be54-a0c35aed9ff2	TCGA-P3-A6T3
998d7c15-6ab5-4006-a1c8-183484bcfb2b	TCGA-BA-A6DA
b956b050-74b2-4bef-987b-3d29a0ef750b	TCGA-CR-7364
060bb9a8-70e4-48bf-949a-9a4da4fe321f	TCGA-UF-A71B
1d209e9f-bec9-4d4d-9805-837ebd62c103	TCGA-CV-6955
3a7dfe12-5054-4679-a560-6c8bb9230614	TCGA-CV-A6JZ
e90a09a9-b44c-448b-9287-bb502da3cca7	TCGA-UF-A71D
5d866859-e5b6-455c-b907-d24df2d2b387	TCGA-CN-A63V
4dc4c39e-b7aa-4575-90b7-e82d0d722761	TCGA-CQ-5327
24cb500c-dfbe-4c83-91c1-7d665497137e	TCGA-CR-6467
6ffe0480-a95b-433c-b7fa-a760360f7ae4	TCGA-CV-A45U
c10a8f09-e01d-4321-a0d8-a909418fb8e3	TCGA-HD-A6I0
45b179a3-d0c6-48d2-ac36-9701f390c2ab	TCGA-CN-A6V3
867a2368-8027-45d1-b7b2-5a6f5523640f	TCGA-CR-7374
20dad6c3-80f7-46c9-90a8-313f8eb1b7cb	TCGA-CQ-5334
edb9c52d-c5a3-4183-82cd-3e6ce07abbd8	TCGA-CV-7261
577f45d0-c021-46e9-95c1-9795af717c18	TCGA-BA-4076
ad828d58-e410-4829-a078-6d995831ecfd	TCGA-BB-A5HY
0163117a-2f64-4f00-b22e-d82254aaae0a	TCGA-BA-A6DL
2ff763c7-5655-415f-8d88-2700c8be16c5	TCGA-T3-A92N
2df35b3b-edea-4aa2-9cb9-9c3699e8ca16	TCGA-RS-A6TO
26186ce9-f0d1-44b4-80b5-729dd6bcd23e	TCGA-CV-6954
a06c91ef-ed4b-42d4-9edf-1df4722fba4f	TCGA-P3-A5QF
5da23d36-1b6e-4508-aa01-59a2c275e26e	TCGA-CV-7418
86675e21-b06e-4496-b1d8-e30c4d1b0668	TCGA-CV-7414
9b573cf3-f4a1-4ff4-8bb3-10be48301a88	TCGA-CR-6488
75a491de-b673-4731-bea1-149a74ec8c87	TCGA-CV-5436
996fc9a8-2cdd-4f23-a716-218aaa69df94	TCGA-BB-A5HU
6adeb3ef-4d4d-4e3f-945e-c4e39fad122d	TCGA-HD-8635
e0368b19-1254-4058-a216-9108a0f4d7c9	TCGA-CN-A49B
10b096a4-78d2-4f80-9792-306cf65c54be	TCGA-BA-5556
21aca47f-d70d-4c5b-857d-36cea1169726	TCGA-CR-6470
4b33a2f5-280a-40d1-be86-4075ac09aaf8	TCGA-CN-6019
6d8fb2a2-14a2-42bf-8a94-7c0c90cfe84c	TCGA-CV-A6JM
ef041670-f4a9-4463-9a23-fb5a409d53dd	TCGA-CN-5374
09503611-2e57-46e8-912c-0542e50c6ac8	TCGA-BA-4075
722617cc-6c69-40e7-bddb-d2a22a7aa6d5	TCGA-D6-A6EQ
8fae59bb-c8bd-4125-8c8e-7908eebb5609	TCGA-CV-6936
01392dce-a8df-4803-aa61-d14956d801a4	TCGA-CV-7102
1f40b3db-3351-4dbc-8560-5c5b6a0e0def	TCGA-CQ-A4C6
ec1c8dbd-035e-4e68-a22f-1e0f9563f414	TCGA-CV-6937
cc8ebbe0-d89a-4f78-87cf-660e27df4d10	TCGA-BA-A6DD
ce1ec969-4bdb-40a0-b9cb-0fe04498f29a	TCGA-CN-5366
044de6e3-52f7-493c-b8d2-6aeca52375ea	TCGA-CN-4737
8ed43daa-0118-4481-9e7e-71c4b709b626	TCGA-CN-4730
80757185-4699-4dc0-a39d-5da6b97005f7	TCGA-CN-6016
6931c961-ab7c-49a7-ba4f-d1a91de1d106	TCGA-DQ-7594
3706e408-1107-49d5-a526-5746c0e581ae	TCGA-P3-A5Q6
5b127b97-b493-47be-8a83-bc534733213e	TCGA-CN-4727
4bdddb3c-3639-451e-ad97-664fc48b6bf8	TCGA-H7-A6C4
41ead8d0-85e4-41ff-9e51-8afe1e51ea6b	TCGA-F7-A50G
3a2fdca3-c3b9-4f71-8f9c-f00970d318fd	TCGA-CQ-7067
a6539e64-aeac-4a51-9a35-b088be14668c	TCGA-T2-A6WZ
9c2a05d4-9f94-44bb-b1ee-a71f4f1c5e8f	TCGA-H7-7774
22ba6691-d4b9-4067-9acd-17cf251d89b7	TCGA-CV-7429
093a60dc-6e80-4c41-865b-4cd98384c6d5	TCGA-QK-A8Z7
69252a54-bbd0-4e93-a936-6dcb920acfb3	TCGA-CV-7435
e6b99e42-89f2-4666-a76f-1c33b99d0f0e	TCGA-DQ-7591
a1bf61fc-7a12-4b94-9b39-d468a7df361d	TCGA-CV-7434
6a8370d5-8873-4f35-b6b5-31869f58a736	TCGA-HD-8634
b0a41da1-d309-4d5a-bd1e-59a7ecdcf64a	TCGA-CQ-6222
ae8d7f0a-9810-4321-a53d-ecbcff6a0cf5	TCGA-CN-4723
36697eb3-31ab-4c81-9f93-5e812fec5ffa	TCGA-CV-7178
93982df0-1e17-461f-a23a-df067418f1c3	TCGA-H7-A6C5
ddb1a596-2fce-466b-8b84-a92684527855	TCGA-D6-A6EK
3e1c0989-8575-4d69-88b4-623292093043	TCGA-CV-A45T
8f8747e2-5ea0-4347-a998-7f52ff5f1a83	TCGA-CR-5248
4e2e0508-1085-4ec8-9c56-c29127d0a3a2	TCGA-BB-4225
151e8d75-31ae-4cf3-ae8b-f5f105e6363a	TCGA-CV-A6JN
bf51cf1f-c9a9-4923-af87-b80ac8450edb	TCGA-D6-8569
938c8a89-f60e-45d4-9055-6ef27f73d936	TCGA-CV-7235
d81be377-be69-4b84-a224-015aa562601f	TCGA-CQ-A4C7
cae964d9-1b18-4343-acc1-ed243e566ea1	TCGA-CV-7183
46602657-873c-4a6b-86e3-fb0f75eee3e2	TCGA-CQ-5324
745aa662-a927-4863-80d2-7b9f222d708d	TCGA-F7-A61V
95cff59f-cec7-490d-9519-83b39c202cb2	TCGA-BA-4078
f251a0a3-2d9d-4b3e-9277-9a7bdec380cb	TCGA-IQ-A6SG
c013ba53-35bf-4b40-a744-21f390303dee	TCGA-CV-6433
16115315-72cc-454c-93dd-ec6c6310a8f1	TCGA-CX-7086
6963bebd-6efa-457d-b2b1-949576cb32e4	TCGA-UF-A7JO
bdf4c1e7-f823-4828-ac05-e8b0608a2a11	TCGA-C9-A47Z
bb9b442e-d08b-4b0d-8136-f095dee5991c	TCGA-CN-4728
53401597-522a-4be6-8f22-9ef858a691ae	TCGA-CR-6481
08c1c957-1ef0-48c2-8131-e1e9f29f9b02	TCGA-HD-7832
3f6cc2ce-245d-4eed-831c-ad4165376e69	TCGA-CR-6493
bc3174f1-53fa-4e76-92af-4093924daa83	TCGA-BB-7866
fe7ba23d-4829-4d00-a20f-2390c2bb22f6	TCGA-BA-A8YP
39a52830-42d3-4372-bfb7-dca85d09b3c9	TCGA-CN-4722
0486cbe7-ea63-4a75-8bad-7e95993b34ce	TCGA-CV-6938
e5d9c53b-3516-45c4-8008-f20e9586628f	TCGA-CN-A49C
01938448-39ff-474a-865e-b41c5207f3bb	TCGA-CR-6471
35642bf7-b6a9-4b78-a11e-e89c2a30d451	TCGA-CV-5978
9bd7d902-9828-49a7-93c8-7223340ba3b6	TCGA-T3-A92M
9b55f6d0-87d1-4afe-b27a-491c5e4784b1	TCGA-BB-A6UO
89472f4a-ab97-477f-8da5-92bb6b153426	TCGA-CR-7382
9cd8121a-2c9d-4a60-9235-8f3f5702b5cc	TCGA-CQ-6227
28a3b4b9-ee0e-4554-8c5d-9fe619e81564	TCGA-CQ-6221
d66293fd-36de-4518-a594-0a56d7299719	TCGA-BA-5558
495475bb-30cc-40bd-8640-cc35ab2a240a	TCGA-CV-A45O
1217b52f-535e-4a57-a23c-8bc37ac86dbc	TCGA-P3-A6T8
f5e13a7c-953c-4d71-8b27-82033f3c51a4	TCGA-CV-5435
28049154-f1db-4b0e-9cbc-4bdd5a745d46	TCGA-CN-5370
d43cedec-541c-431d-9bb7-90fcc7a133a1	TCGA-BA-A6DB
8549e24f-b9d7-4203-97ef-15aeb7a7fde6	TCGA-MT-A67A
aea0d82e-1955-43f7-b3c9-4299a2f7a456	TCGA-CR-7372
c5cee1b1-52af-4448-9ce3-443eee654433	TCGA-HD-A6HZ
48ffbcc0-bc7b-4295-a27a-9ce3b7a17814	TCGA-D6-8568
7a135d57-ce55-46bc-99d3-d7acf7c2751a	TCGA-D6-6825
21313b5a-fa60-4113-bd3e-f1aaf595323a	TCGA-CR-6484
6e5885ee-adc4-4771-a7ec-9719dbd59081	TCGA-MT-A67D
6f76f81d-dd73-46d2-9fa0-3dc21b753b28	TCGA-CN-5364
4a4b8437-d003-4149-9770-fa8365eb3430	TCGA-CN-6021
28b7da5b-4e10-46a6-aa08-db3738a5d220	TCGA-CV-7089
50e29729-0b0b-44e3-ae95-4de7372c087c	TCGA-BA-4077
efba4bec-89e3-41d2-ba9f-8b4ef7be3b95	TCGA-UF-A7J9
d6b37c06-d3fc-4892-b651-53e7401e8924	TCGA-CN-4729
74ad1b3f-bc69-49bd-9b7f-b4819ba155f9	TCGA-CR-7379
27794773-b10f-4ef7-9c19-90958bfc3d2d	TCGA-UF-A719
ba98799c-6f98-4d0e-9ce1-b2a21df680c5	TCGA-QK-A6IJ
a6095079-12c7-4de0-a779-e1c639db5541	TCGA-CV-6961
e94a11c5-a447-4c7e-a19d-afb34d300a75	TCGA-CN-6023
a62d59ff-b040-4986-adb6-044191fe4462	TCGA-CN-4741
a14a2fc7-3f99-4ba8-a6e2-41a72a0f59d4	TCGA-QK-A6IH
727176ff-b360-45b6-9f18-cc18cace6961	TCGA-BA-A6D8
14456850-fe81-41f4-bcbb-eff9e48d04d7	TCGA-BB-7861
2da6fba1-296e-4cdf-8ffb-f9a4f7709038	TCGA-CV-5432
abbfd050-61b3-4138-94d2-19a11fe55407	TCGA-CV-7406
0a72a23d-0e31-4060-8a99-c5da7e11c5ef	TCGA-CV-5966
ac1b4443-36d4-4cb0-8297-6edae4520c9d	TCGA-CV-6934
0f568886-7033-4eee-98b2-beaea3819bac	TCGA-CN-A497
09e82288-aaa9-43c7-81ec-d1f98e18a798	TCGA-H7-8502
78107a9d-4eea-4cc6-9aef-1915f35acf75	TCGA-F7-A623
5dad89d3-a15a-4dcd-9b91-77f824f343bf	TCGA-CR-7398
7e910e81-71a8-4120-993e-746d29902026	TCGA-T2-A6X0
6c93913f-c670-4a58-acdc-91166f249eef	TCGA-H7-A76A
fcc92fb1-5ea5-4a09-b529-af4c06e78dc9	TCGA-CR-6473
6a74413d-938b-492c-94ac-d5113d255240	TCGA-CR-7404
5fb5f7ac-6241-4c3d-8350-b18f28c317c5	TCGA-CR-7394
a7f51de2-26ec-4719-89b8-161c9d1f0790	TCGA-HD-8224
19993db1-8cd3-4095-80fb-5e0c7c8d14d3	TCGA-CV-7430
c2d0bb8c-05d3-4eb9-9782-aaf4f9e91353	TCGA-QK-A6IG
50fd12e8-71e9-40e9-8752-33cc2b537000	TCGA-CR-7371
130c3d03-9b15-4577-bff2-f9e3cf8cda29	TCGA-CN-4726
2f31d626-547f-4163-a934-4550c7302dc5	TCGA-CR-7380
bfc9aff7-93e2-4331-9722-764f599e9409	TCGA-CV-A6K2
5ed98c17-8df8-48b3-a6f9-3d5c33119e26	TCGA-DQ-7589
3b799ba8-b92c-4569-ae57-08bda7449f25	TCGA-CR-7391
38f3f620-6776-4d79-ba15-f562e6f30277	TCGA-H7-8501
d10f39f7-70e3-442d-bac2-0d8900f03dee	TCGA-CV-7409
0401cfb1-2922-40fb-bb2c-f5c6966dbe49	TCGA-D6-A6EM
2c2078a4-b77d-4cb7-ab07-bacf57cdec28	TCGA-F7-8489
8092885a-cc9c-481d-a726-89ca9f112f5c	TCGA-F7-7848
4b2bbd5e-3d02-445e-904f-6d69d43816af	TCGA-CQ-5329
a22b70b1-3c74-43d9-9786-07d254605fb0	TCGA-C9-A480
db7c3ee7-60dc-4730-b426-b733c6a41ada	TCGA-BB-7870
36967820-2fb2-41f5-9fa8-b2021d09e0ad	TCGA-P3-A6T7
b5506833-abd9-4411-b9fd-4516fbc6fafc	TCGA-HD-7831
3f7bd19f-bcfc-4327-a1e2-bc30b4f6e861	TCGA-CV-7437
7acd7331-19ee-4160-9bed-f23663032491	TCGA-CQ-5326
0fe556bf-dcc8-4a8c-8b5e-b04d82e6211a	TCGA-BA-5153
88983362-a45a-4eb1-bdd2-e7b2705d9c88	TCGA-QK-A8Z9
5df6ebd2-2049-436d-b845-86674a084db5	TCGA-MT-A51X
4e136d13-7cef-4b44-aa07-6cd04d8a31f7	TCGA-CR-5243
1c360680-f479-4eec-8aa5-0c1a13b75a42	TCGA-CV-7248
953b89f7-4f4d-4624-9684-d287d490d5b4	TCGA-CQ-6220
1ea7ed6e-0e4c-440b-b54f-229ada1a69f7	TCGA-UF-A7JH
6e51b34e-3765-4dc7-b958-4131d0802810	TCGA-F7-A61S
97462011-c8af-4335-8886-813b9ba3c697	TCGA-CV-5440
4053afaa-596a-4a22-bf80-d413794d80e1	TCGA-CX-A4AQ
b7139eaf-eac0-4794-aee2-3695a2043bfe	TCGA-CV-7433
63cf0b7d-bfdb-4576-8c68-6b815da9835c	TCGA-CV-5434
8b710010-8a49-469f-9b0f-58c79916ae37	TCGA-CV-A6JE
e3961310-002a-45bf-8ffd-088c400545cf	TCGA-DQ-7590
41542898-f98a-4e0f-b4cf-e7153a39acb7	TCGA-CQ-6219
f6767fe8-f7a4-4993-a785-b0eaefc2f798	TCGA-KU-A66T
5a56089f-5a40-481c-a344-99309cd1d4cd	TCGA-HD-A633
ca7103ce-8d6d-4b6f-8982-c12914fc896e	TCGA-CV-6943
2d16a5f3-bcc1-4809-9137-9170ddfd8026	TCGA-CR-7369
8c9dd8be-0b32-4bc9-aa8e-a86fa8712325	TCGA-CV-7250
3ea984a8-8d51-4994-b8c1-e6cf1f92c6fa	TCGA-D6-6826
f78434bc-dc0a-412b-871d-59b823b686dc	TCGA-QK-A8ZA
eb358d94-4cba-4f14-ba44-a8fdaa4140a2	TCGA-BA-A6DE
459912ae-ae3b-4066-8e8a-ca2842e82f41	TCGA-BB-A5HZ
59fe2b9f-da64-452e-a54a-245fbb6bf76d	TCGA-CN-4738
52615511-71e2-4ed9-a56f-d470662ef5ef	TCGA-CN-6989
6ddaa57e-0b22-43e7-9c2b-6212af18b2f5	TCGA-CV-6959
7a8db4d9-ddee-4f17-bf71-d33e43afaeab	TCGA-KU-A6H8
b594be41-26d7-4416-b694-ea33bf89b9ed	TCGA-CV-A6JO
2d667907-3666-4cb4-8629-6c20b4ef77b3	TCGA-CV-A45Z
00493cfb-cfcf-4994-b4f4-3f1ff94e21f8	TCGA-CV-A463
0df563f3-af10-446d-bf7d-9c16c685aaa4	TCGA-QK-A6V9
649d954a-847a-4698-95c2-dbb18582d864	TCGA-CV-5441
b4dd9915-1bee-4a4c-8cfa-9bb5c8157243	TCGA-BB-4223
c01bfd3f-c2ee-4a2e-abe1-c08def164e56	TCGA-CR-6482
73a49f51-4a65-4bfd-ab68-2003a3a2cee2	TCGA-BA-A6DI
f58540cd-7ad0-4167-b984-3506713d5da1	TCGA-UF-A7JA
91fa8c2b-ee99-42ec-a0e2-088931d05c4a	TCGA-CV-7103
e0cb075a-1270-482f-a8ae-d1fdcf6ba0f0	TCGA-CN-4735
ccfa22c8-d440-460e-899d-98ce642effca	TCGA-P3-A6T2
d9f2f627-8527-47be-bb59-fe7033c3499d	TCGA-CV-A6JT
c45e4ae1-3b59-491a-b0d3-e8560e0d42a0	TCGA-CV-6952
0d99adbf-a53d-4f67-8894-a906faa8cd0c	TCGA-DQ-5631
c5cec55e-35d1-4203-9392-60aa8794534a	TCGA-IQ-A61H
c261903e-b302-4e33-80f5-44ba910eaa47	TCGA-CR-6480
73ba4949-9057-498b-80b5-8b6f70841a8e	TCGA-CV-5442
0302ccdb-2853-4679-be48-de365da40545	TCGA-CQ-5333
36a551c6-a242-42fe-84d5-e1bbc40664e0	TCGA-CN-A6UY
d7b647d8-f2bd-46b5-aa35-8b16b9eda800	TCGA-BA-A6DJ
045ffab4-4408-4550-b46c-ba0b237bb00f	TCGA-IQ-A6SH
5c1e860e-a8c2-4dfc-aceb-d1bddb365edf	TCGA-CV-A45W
51d2bbc3-8240-458b-9feb-0d9808fa1646	TCGA-CQ-A4CH
8de5bdb3-9dd2-45e0-8b21-1f2b285e0990	TCGA-CN-A63W
7e9a384d-04ae-4739-9ee4-1e97628b5a58	TCGA-CR-7367
a4ff09d2-4f62-403d-bed7-c8121af0e828	TCGA-QK-A6IF
3a786e65-0e2d-4472-8532-551994771b06	TCGA-WA-A7GZ
0f230728-5576-43ee-be60-17e9efc5e808	TCGA-CV-5430
16680c4f-fb49-4bd0-ba7c-58f132ca77f3	TCGA-CV-7568
0f6610dc-68ff-4e6a-8e14-247d14efdc3b	TCGA-CV-7177
ee3bb002-0561-4bf4-85bf-d4425036579c	TCGA-CV-A468
f0710431-74a4-4b7e-a715-885b09db10f2	TCGA-CX-7082
3d00f82c-a193-4eec-8a1b-472b3c614abd	TCGA-CN-A63T
897b51e4-4451-4912-afc3-4866a618573d	TCGA-P3-A5QA
74e2bec2-e4f4-426a-bd87-21c5a16dcfdf	TCGA-UF-A7JJ
1140cd49-2d5f-4830-a135-bb887567be41	TCGA-HD-8314
2f139a03-2848-4b7e-9c81-34fb5d4bf3bf	TCGA-BA-A6DG
ee32d16a-2dd3-4b72-b504-a4824321e83e	TCGA-F7-8298
7332ea7f-d612-4e35-8317-78707b8025ed	TCGA-IQ-A61I
6d426248-0d0c-4a60-9f9d-ea8b77d9d8bb	TCGA-CN-A642
4280c77b-0291-4c1f-aad0-78e3e710ba6b	TCGA-CQ-A4CA
9936b58b-3328-4ef9-8085-cd611b2294f2	TCGA-BB-4228
35f5a366-f3c5-42e4-a88e-fd489f71b2de	TCGA-P3-A5QE
c0d34a08-d870-45e2-94c5-24e45d1f1356	TCGA-CV-A45X
810270f3-3560-4386-a7b9-bf10fa9fc0d4	TCGA-CN-6017
92d56b65-353b-4fd9-8648-5a0013987361	TCGA-D6-A6ES
4c1a19bb-cfee-4556-9445-adfccd73c738	TCGA-BA-7269
7579dcb1-50fe-4ea5-b943-db0fb9f02afc	TCGA-CN-5358
73c3420a-f453-47f7-9d80-ad0ddc8e4000	TCGA-D6-6823
ac36ba69-2531-49d0-844a-ee1b20981a1a	TCGA-BB-A6UM
39e5693d-d4b9-424d-83fa-c8a4bf0a02b4	TCGA-CR-7390
8a0f7072-476a-41b3-aaf9-8c053cbefdae	TCGA-CV-5979
7cb360b5-2a40-406b-a991-8f8a5a4e22bd	TCGA-CV-5977
1f9630f7-cd15-41ae-8030-ed36859710b2	TCGA-CQ-5330
a1db2ad7-c914-418f-9c8b-847cda90a64f	TCGA-CR-5249
23b668a7-cfdd-4785-ba3c-3af60184803c	TCGA-CN-6995
7a541f8d-3af9-4f94-9096-3c3953199f39	TCGA-CV-7432
7ccb0411-d6a2-434e-847e-b4d65f2b1142	TCGA-UF-A7JD
e18bc3e3-1cfe-4d3e-a503-60272c802bdb	TCGA-CV-7091
3a3344f6-76e1-43b7-9f23-591642400ae3	TCGA-CV-6960
cb33a073-f47e-407f-af93-92387244aa29	TCGA-CV-7407
e46b1407-7768-4914-a937-9fad62f0207b	TCGA-CV-7243
12f179d3-3dbc-41e5-9c8f-c1d170ffad55	TCGA-CV-5444
9039aef0-3d43-4b37-8508-6135a2616cb5	TCGA-CR-7393
46d1ac65-127b-4e7c-b7e0-ac720f06be1a	TCGA-HD-7229
f97ae484-c4fd-4253-896e-3e3f96471f05	TCGA-P3-A6T6
c8190f3c-3f74-4e88-add7-e82f5def2e63	TCGA-CQ-7065
95285ee2-cc8b-4f0d-b3da-ae146c1efca2	TCGA-CQ-A4CG
4d2c5caa-ba0e-49ed-8c9f-2df4c857f4dc	TCGA-CR-6477
5312ceac-498e-497a-8000-6083e2214917	TCGA-CV-6953
03a11c55-c144-4215-a996-391eed03cc80	TCGA-UF-A71E
8d9e6ce7-fa00-46a9-b90f-a11b907bbe33	TCGA-TN-A7HL
07f3248f-4c22-441e-8b7e-18a77064d984	TCGA-CQ-A4CB
b93f66c9-cf2f-4edb-bd2e-e59860d66845	TCGA-CV-7422
405ee967-a2fb-401b-82d5-f029bc0b2e68	TCGA-CV-6942
52b3f43c-5b7f-46ea-adf6-a9534eaedf6c	TCGA-CR-7399
d76c021e-8c55-43cd-84ee-9785a323c29a	TCGA-CV-5971
3db95dd2-ebc8-470f-9356-ab4e83f2e49d	TCGA-BB-8596
622b94ac-8bef-4606-8dcb-5ec6eeba3dfe	TCGA-CV-A45P
0fc7262e-048c-4a70-b311-976db2f17c30	TCGA-CR-7386
24ae1f53-f311-4e0f-9183-b88137a388a9	TCGA-CQ-6218
23457939-bb98-4ffe-aa3d-c96099bab2db	TCGA-BB-7862
4a71dd8d-e7d7-4444-bf25-e25bbc620d8f	TCGA-T2-A6X2
3d948257-f335-43cb-95ea-d67eb7b170ab	TCGA-UF-A7JF
46c9dffc-f049-4f48-a431-c9a77ac6ec63	TCGA-BA-A4II
24bd3bd0-24c5-4db8-9e04-429c3c08015c	TCGA-BB-7872
e8933f08-7c25-4423-af0f-d5431a4da6a3	TCGA-CV-7245
6c56a4fa-cab5-43c1-9933-c267bf03003d	TCGA-CV-7247
75b8e891-29bb-4993-b867-cf65aa85c8ed	TCGA-BB-4217
380b9900-16c1-4456-80b4-87faf8567fae	TCGA-CN-A49A
a40e6f8b-3e87-4a28-9e8c-c092a8d3bae8	TCGA-CV-7090
0bce5c44-d739-43d9-bee3-24e8e1a8c064	TCGA-BA-5151
84b980fe-ea6d-4834-be53-86a5ef747ffa	TCGA-UF-A7JS
57160761-0a05-4e94-9205-719c5811aaab	TCGA-BA-A4IH
9adb359c-7196-4b9e-8cd7-b6b207521db4	TCGA-IQ-7631
1feab715-ee67-489f-bf47-af5079f2d875	TCGA-CV-A6JY
b7670594-879a-44eb-b877-2439ec0f4511	TCGA-CN-6992
f1e725b6-9d4f-4951-815a-8f8331d0f875	TCGA-CR-6474
5475ae6f-f1d4-415e-80e4-66f2ddf4231f	TCGA-IQ-A61G
a95ddac7-9b25-4bd5-912a-9fa6c537b10b	TCGA-D6-A6EO
71ebdd7f-ea9a-4b10-82ca-b0d2f6c0c7cb	TCGA-BB-8601
d9a379e4-3a0b-480f-9470-4b87cc8b8c09	TCGA-D6-6824
e91e778e-67af-4f3e-a5bf-f95fe29feeff	TCGA-CV-7242
44d502d5-9e0b-4548-8ac3-e4a46b4bbb3f	TCGA-CV-6950
b3a80fbc-9066-4bc8-88f0-3f20d52f6489	TCGA-F7-A624
704b983d-0e29-4b10-b00a-f0c2c87212a8	TCGA-MZ-A7D7
71b650a6-9849-47a0-8c8b-f0f639b75abe	TCGA-CN-A499
708b454f-2118-4040-a076-c9a41e50ed26	TCGA-UF-A718
be6dc660-6d65-443e-9865-432eea2ad1aa	TCGA-CV-7423
489bb150-5eb7-46af-9c6e-9881016b6ba7	TCGA-UF-A71A
a8c8404c-f376-4d3d-bf50-2e1aac8d3afc	TCGA-P3-A6T4
6d07e0d3-5fcb-42a2-867f-34e6d59a1892	TCGA-CV-A6JU
e0865862-8829-494f-9a15-237519513ed5	TCGA-BA-6873
2cafd44f-2e38-40d5-937a-d122886ef8e7	TCGA-CN-A498
088f29fa-5f7b-4ae6-8a57-92bffe7d2d76	TCGA-MT-A67F
6ddcb8b3-c6a3-4182-9c4a-01ed10db6f96	TCGA-CV-7100
59531f37-b664-4e6a-982f-48a5ee901a41	TCGA-BA-6872
e2d5d260-955e-464a-b712-56d166dd9842	TCGA-CV-A45Y
5efe8382-333c-4400-a24e-2dab54ec38b6	TCGA-CR-7373
3cf8f0d0-caaf-493b-987f-3259db70dadd	TCGA-CV-A6K0
494a88b0-ea90-4a12-b4a1-48582a6cf9ea	TCGA-CR-6478
1eacbfe2-b796-459a-9daa-3a7298235218	TCGA-CV-6962
20fccee9-7369-485d-8d0c-4959aec2cba5	TCGA-CN-5367
9914782d-af76-41ac-b00c-7b54b91b66b3	TCGA-TN-A7HJ
5c4a2b7f-2212-4412-b566-9354a0ae16ba	TCGA-CR-5247
832a6186-382d-497b-9ea2-5bf51590c886	TCGA-MT-A51W
3094c16a-dcee-443d-8f7f-d50af40404f9	TCGA-WA-A7H4
cec32dbb-d343-44b8-a816-9c616d23c16a	TCGA-CV-7411
8c4ffa6f-b8c1-4b56-8e2d-fca2178391d6	TCGA-4P-AA8J
5e362910-3262-4ec6-a00b-27b9b2e4f4b9	TCGA-DQ-5624
3b4422da-eae0-42fa-99fa-de497698e76b	TCGA-CN-5373
f54f00e2-5151-4f3e-a74c-5e2a435d6aa3	TCGA-CR-7383
cbc059ec-9e49-418e-be11-8d713ff3b430	TCGA-CN-6988
cc5ead11-ada3-4db3-bb08-1a944e497c47	TCGA-CV-7238
313811fa-2c41-470b-ab48-555bc74ae3ba	TCGA-KU-A66S
f196d91c-3eb9-4bbd-aabb-43a2879d6162	TCGA-RS-A6TP
f322c423-9fdd-4a4d-b45c-aa261cb49c58	TCGA-CN-A63U
47b9ed0d-d680-458b-8541-a4852262e484	TCGA-CR-7397
199b6329-f615-4a35-b19e-f398532c8ccd	TCGA-CN-5363
83472b2d-14e1-4c12-b526-26e4882b6812	TCGA-CV-6940
209f8ebc-42f0-4695-b9f1-d9dc30d0e0b7	TCGA-CV-7180
4bd409db-831d-4892-aa7f-e5e5bbd5bfae	TCGA-CV-A45V
6fcfff7a-0e6b-47a6-bc96-6cc12d530d27	TCGA-CQ-5331
86eb7606-22d5-45e7-a46c-014160f1f136	TCGA-CN-6013
b3ca6741-7a52-425b-a8f3-d52abc185742	TCGA-BA-A4IF
6f2c8788-2e21-4dc9-b969-eb71027dff62	TCGA-BB-7863
657aad16-3e2f-4934-a5c8-0e5273c20469	TCGA-IQ-7632
8209a74d-b2f6-490c-b3eb-13c336a364b5	TCGA-QK-A8Z8
84d1f1cb-ff06-4cc7-9866-67d738bac419	TCGA-CV-A45R
c10916ac-5a60-41db-ba5d-a9329dce486d	TCGA-D6-A74Q
723ac041-cbef-41d9-804d-e70c007086ab	TCGA-CN-6998
892eed19-fe56-4ae7-8785-894ae16026ea	TCGA-D6-6827
3749fb86-5e84-49bd-b473-5ce7e91dea61	TCGA-QK-A652
55ccd178-6f91-496a-ad16-d82e45928366	TCGA-CV-7413
2355631d-aa47-43c0-929a-a47e669c365a	TCGA-QK-A8ZB
fdb27f75-f853-44f8-a5c4-1ecf6ff27412	TCGA-CV-7424
46ebf756-539b-41e4-9636-e8a7ba8d9bb8	TCGA-BA-5149
886a0679-0b46-4ebf-887e-d899cdf38caf	TCGA-QK-A6VC
09552102-8f10-4e2a-9710-f1585b6a7efb	TCGA-CN-4740
14414c7f-a1b2-4c72-b975-9102ca7617e9	TCGA-CV-A461
a7f46029-9c1a-49bd-88ab-61664e345f97	TCGA-CV-A464
6ff62568-3f20-4552-9fd1-b8e4fc21c42c	TCGA-CN-6018
05ca7f3b-7b27-46f7-960b-5ce2deae5c13	TCGA-D6-A6EP
f05758de-1cfc-446e-b133-1555800bea62	TCGA-CV-A460
adf33b59-40ef-48fb-9dd2-1f1759582383	TCGA-CN-5361
0c5dc9f1-86b5-4318-bfe1-ca9d8db1eaf5	TCGA-CV-7410
6aec3b4a-e423-4fba-9286-e639d252415b	TCGA-CR-6492
f759de52-a9ad-494a-b618-74b6da07a769	TCGA-MZ-A5BI
dcf751cc-ef59-4579-93a4-3c7c52c4b45a	TCGA-P3-A5Q5
8fc09183-9ad5-4b27-9081-772a9895da69	TCGA-DQ-5630
7cd19d38-2243-4cb0-9245-a5979bc7beec	TCGA-CR-7385
b944e00d-c119-4bb8-943d-2eb4ea88c410	TCGA-CV-5970
6c1d8dd9-cc41-49d3-b25c-7c49ea9deac8	TCGA-BA-6871
37c03292-c234-4213-8b85-82dbf675248b	TCGA-CV-6003
1529866b-741a-49a1-b6cc-7b24693ad1e6	TCGA-P3-A6T5
23a30a82-7b8d-4ace-94c0-1844651bf5c2	TCGA-BA-5555
e0498eed-a84c-40d3-9015-c7a8b65d37dc	TCGA-P3-A6SW
a6d8287f-24e7-49bf-87e6-e49a00e3aedb	TCGA-CV-7097
44fafd9e-b603-48f0-86ec-2022601f139f	TCGA-CV-6441
1ef87789-2fa0-4d28-826c-802358bdf67a	TCGA-CN-4736
9678c5cb-97be-4f76-a161-fece8b5982cd	TCGA-CV-5973
44699ea6-738d-4130-9938-9932dd1c7acb	TCGA-F7-A61W
f2d34a97-ff3e-41f0-9597-438f26504ef0	TCGA-CR-7389
db556788-6349-4dc5-9b4b-985c270a17b0	TCGA-CN-6010
ec43db9b-d34c-4474-b724-57434589d558	TCGA-CV-7440
78a776c3-2c61-4162-a19f-15af1100a18a	TCGA-CQ-7069
e9cebd54-b6b4-4158-be31-7724c56165c4	TCGA-UF-A7JT
e97dd616-e947-47ed-853f-72ee93272b15	TCGA-DQ-5629
5c257396-c22c-4846-9fcc-a8ef1915998b	TCGA-CR-7370
b0716049-9102-40d2-bf6b-04098cfc2ba1	TCGA-BA-6870
66d6462f-5fe9-48ce-ba8b-0b470e1aefbe	TCGA-CV-6935
bf03f2c2-98e8-4843-9449-ac21b2998b01	TCGA-CV-6939
86eb64f4-027e-4ac7-8d7c-55e8aadb1014	TCGA-CV-6941
bb140b85-ab50-48ff-92e2-e8575b717cea	TCGA-QK-AA3K
f8b3eb55-0a76-4f8c-bf8c-f99767c352fd	TCGA-HD-A4C1
7343f7e6-bc2a-417a-b8e3-465d12ac9939	TCGA-CV-7104
0398eb84-be87-4906-9e22-cb94494b54f6	TCGA-DQ-7592
cfde3042-a7a5-4931-88ae-d4f23dcee41c	TCGA-BB-7871
041aeb93-f142-40c9-a878-2a10d3d1d2cf	TCGA-CV-7416
